Patient_ID,fat_fraction,calc_fraction,solid_fraction,hu_mean,hu_median,hu_std,hu_p5,hu_p95,hu_skew,hu_kurt,n_voxels
MT_056,0.21790341578327443,0.0,0.09305064782096584,-11.537102473498233,-7.0,27.613286974157546,-69.6,26.0,-0.721139104750093,0.4802383745255052,849
MT_141,0.19880669092945127,0.0019631858902575587,0.5270751679731243,7.637898936170213,22.0,44.89236723429809,-90.0,56.0,-0.8389535015691757,1.287081825996423,285760
MT_176,0.03365789157350643,0.1484553431902873,0.6538045438153625,56.78134391152783,32.0,92.48062552468274,-21.0,274.0,2.823776126816615,10.56858768125965,8319
MT_057,0.019392624444473577,0.03891306912780713,0.7336095124477248,44.32373261317007,38.0,67.32100136084958,-12.0,93.0,7.251429114044398,78.32922709390259,305116
MT_342,0.3089171974522293,0.0,0.189171974522293,-12.685987261146497,-1.0,36.17497456163404,-82.0,31.0,-0.6284928577223783,-0.6873854789538418,3140
MT_297,0.042909471480900054,0.003663003663003663,0.14207221350078492,3.1347462061747775,4.0,21.339997685818105,-26.94999999999999,30.0,0.364312173045245,12.087566864852331,3822
MT_378,0.0026528482747643386,0.0,0.09560865182250676,11.69020037847302,11.0,8.61979949612356,1.0,25.0,-0.07486230080909288,8.566608147992346,56543
MT_414,0.030602328745339857,0.010530593494354824,0.48140360796508647,22.114264006926163,20.0,47.00981361766313,-3.0,48.0,11.224715981367563,213.0666606779226,56597
MT_177,0.06175843957155402,0.020398103503989982,0.39583968511009643,19.23924549107526,16.0,50.035121911444456,-40.0,51.0,5.5327466607532045,54.14235242412442,547747
MT_328,0.049282595134123516,0.007485963817841547,0.21750883759617384,9.782075275525058,10.0,40.15646328131698,-30.0,35.0,8.47538005054229,114.97699129227718,14427
MT_397,0.005206826728377205,0.0,0.5768006942435638,22.534278275961817,23.0,14.054196803593133,1.0,43.0,-0.5338534591250645,2.6957376579512493,3457
MT_138,0.0009192987064153917,0.0,0.7190885809967824,27.811412436798214,27.0,13.252732993950682,7.0,50.0,-0.03556259623407353,1.1071223111007598,15229
MT_311,0.07281873207153543,0.0009081467858008848,0.4223042680611409,11.82349469523326,17.0,24.572163512522895,-42.0,37.0,-0.5311116961574724,18.915201633222125,437154
MT_094,0.035664659564613246,0.0,0.5785085687818434,17.834645669291337,22.0,18.392282053630908,-23.0,37.0,-1.8753688432722426,5.126014987742064,2159
MT_078,0.09638308538025608,0.014851695455279234,0.6654885001316941,20.81353815305403,25.0,64.01767721948806,-83.0,47.0,7.5563253315883525,103.89117428827001,117697
MT_387,0.30790904199942704,0.0070132964414726,0.24628286554733408,-12.390931449612566,5.0,56.12288677169519,-106.0,41.0,2.7138184057537202,51.01144661212962,572484
MT_091,0.009315826459099629,0.00020891761681976741,0.23281336059813748,13.491314091809796,14.0,12.831091767709854,-1.0,30.0,-2.7879384962417126,26.528450617291554,315914
MT_302,0.023476627712854758,0.03631051752921536,0.8087437395659433,35.297996661101834,34.0,34.1319785185287,-11.0,80.0,2.35691552291546,15.582716925928995,9584
MT_174,0.012338252846560446,0.0,0.31821325047837373,14.340403160108368,14.0,16.375014286831583,-11.0,41.0,-0.43590432914304855,2.397823596205142,211132
MT_146,0.004210501061622063,0.0038566270407734845,0.3376018137543035,17.417319434281396,16.0,21.73006242172889,-1.0,37.0,12.216563189758972,254.56476852949572,166726
MT_404,0.007522331922896097,0.001136185550854098,0.28800344773546466,14.047954866008462,13.0,15.006188065970463,-6.0,37.0,0.08269319931201027,12.29246760095236,25524
MT_010,0.1476814930527008,0.0344076296966209,0.23721532516648852,11.61023185069473,11.0,77.55176917262649,-83.0,51.0,5.718544932153411,49.32871974329646,48652
MT_073,0.01529964204611062,3.848966552480659e-05,0.5225356991647743,20.740194757707556,21.0,16.430601893919047,0.0,44.0,-1.5842131129881103,9.020732056889623,51962
MT_322,0.002728239282633553,0.010226885193283717,0.24019739613633173,18.374105799514535,16.0,25.084596932483908,5.0,31.0,12.312228864956149,240.26751088987945,249245
MT_074,0.0,0.017597813087305656,0.5981547924141466,30.376046471894753,24.0,61.37019296538678,1.0,51.0,11.269064815366194,149.7598079630428,5853
MT_210,0.07357043235704323,0.07670850767085077,0.49825662482566246,33.06450488145049,20.0,91.26167235217076,-36.0,150.6500000000001,4.8556773859957785,31.17382234407954,2868
MT_226,0.35447115539729357,0.006512174454955621,0.24773092747967812,-18.33192561687358,1.0,57.11648846145765,-112.0,40.0,1.2635315864767798,16.313095493495602,588897
MT_083,0.09200834976103955,0.00316942572961447,0.49500043543317684,13.820783621378977,20.0,35.74645763416137,-72.0,43.0,1.3040069919021198,40.118263271095124,378933
MT_154,0.07540833033824527,0.02350624975040933,0.2796749331097001,15.651048280819456,13.0,58.432947302846955,-53.0,45.0,6.54255784580832,68.08001771514671,1252050
MT_219,0.4585054969530519,0.01661941890991155,0.10683806875408403,-38.59735985758527,-9.0,70.42502961112103,-132.0,35.0,1.082841213530528,7.239764774790881,1221222
MT_249,0.001702664057796508,0.0,0.21708496387718243,11.35601670680313,11.0,12.671247275738079,-8.0,33.0,0.06663691255942879,1.2676959910323822,106304
MT_031,6.8299013079261e-06,0.0005873715124816446,0.3037530307687054,17.679780077177885,17.0,8.844517653945081,6.0,32.0,4.488579030763476,89.06382655724428,146415
MT_343,0.047444354298211575,0.00031747151575011465,0.3827718790786271,13.52982468517408,17.0,25.33400935136629,-26.0,39.0,-2.9241259694663975,11.748349185019793,141745
MT_071,0.26853443336770944,2.8646728543600322e-05,0.3309270081356709,-4.094390970551163,-1.0,36.132766708393774,-66.0,46.0,-0.27684062628085065,-1.003536466868875,34908
MT_133,0.05229707644815689,0.0019974577810059923,0.25186126747775556,8.699654984565099,12.0,21.179154988304123,-32.0,33.0,-0.8385291558869074,5.998551010097387,5507
MT_034,0.17964638843409753,0.002115314190772984,0.06895539529800353,-7.430280127731064,3.0,34.249481544296046,-87.0,23.0,-0.6481580733687191,8.518482752676222,1403574
MT_247,0.0023191903917178,0.0007161136475993835,0.09334559571931253,5.5324613952947335,6.0,13.36984746617256,-14.0,25.0,4.585935654195966,110.87526152434297,275096
MT_288,0.08971265628427287,0.005264312349199386,0.2963369159903488,8.580609782847116,12.0,27.339377677903496,-46.0,38.0,0.8277690665939109,13.61008093440233,4559
MT_402,0.0023865209297885544,0.0030547467901293496,0.20428619158990025,11.056130972268626,9.0,15.682990244124637,-8.0,34.0,3.5858540814489706,39.45911523168153,20951
MT_224,0.00841878364844461,0.063557749500516,0.5635297885644855,34.4502269919625,23.0,53.8976427136185,-7.0,126.0,4.012549800095219,21.04888069353553,196703
MT_363,0.00012391590982820244,0.0,0.22019021788315427,16.035673858894587,15.0,7.589291511319176,5.0,29.0,0.7039781054204755,3.691795043653042,718229
MT_016,0.1475214489990467,0.0,0.22581029551954243,-2.9338655862726406,-5.0,26.29309820608048,-42.0,40.0,0.10931520528300662,-0.6750699579564752,8392
MT_117,0.0,0.007762557077625571,0.8967275494672755,35.33097412480974,34.0,23.22473356418076,14.0,51.0,11.616431177579624,194.84992716502788,13140
MT_001,0.02792075583922403,0.008967584013908906,0.3914968087296685,18.03476082629881,17.0,36.17111416188773,-4.0,39.0,10.103692161764192,180.0920687874085,87426
MT_020,0.3624065056037494,0.0005964217187155641,0.1434537424528995,-21.697795978947184,-3.0,45.42138737802344,-104.0,30.0,-0.591839450959308,-0.7808857551803308,803123
MT_266,0.02594235784197514,0.03464625596911301,0.8088529142818437,41.34663189623057,38.0,42.59320322026679,-2.0,87.0,3.5722529823672042,29.495102971307432,29527
MT_366,0.00032611987234736425,0.0031214330638962007,0.28416688019753544,14.923757832700506,12.0,15.019461746617562,-3.0,40.0,2.611243761559471,19.457215270209097,42929
MT_127,0.021452510164849187,0.0010207379935693506,0.14514894268556167,11.369183919974141,12.0,18.328828596045476,-1.0,27.0,1.536216156066808,111.89002056170456,58781
MT_273,0.014272644098810613,0.05416285452881976,0.7141811527904849,41.146203110704484,29.0,82.06390541270542,-6.800000000000011,109.0,7.621251562614675,74.49940482134069,5465
MT_077,0.001139391003764944,0.0055428344965763226,0.7052665184174024,25.880782271736496,24.0,19.313964134542942,12.0,41.0,12.276744927314555,232.64623793546718,181676
MT_352,0.07535850160959906,0.0003658179689786362,0.23785484342990929,7.685323383084577,12.0,23.610783424795343,-49.0,33.0,-2.1026157140257706,5.83387338758949,13668
MT_095,0.10789304506547215,0.00010628475013119524,0.3673252630732088,6.63572968540452,17.0,35.97430476374312,-99.0,34.0,-2.348957122006849,4.751128979969748,1354851
MT_026,0.03574149314372778,0.04331019694148186,0.7230898369166525,44.599846227639524,35.0,97.21211728541108,-23.0,81.0,6.473222779593454,50.421647031655304,141768
MT_375,0.012434195652876014,0.0015179407680134354,0.4196298808255014,19.76804573200271,19.0,15.339858077047488,7.0,40.0,-2.3249977587711563,23.220189375410545,30963
MT_290,0.029819139194139196,0.017055860805860804,0.39268543956043955,19.383928571428573,16.0,41.63624984593345,-11.449999999999932,46.0,6.003504265514444,58.83782166335463,17472
MT_275,0.000157905817952137,0.00023334970875149133,0.17238227244017124,11.770740051933469,11.0,10.63011741016279,-4.0,29.0,2.8278358698874944,72.61987696223932,569960
MT_204,0.7333233432849584,0.0,0.11903911103938769,-61.742982951598215,-81.0,51.4831911500894,-119.0,36.0,0.7905548021276089,-0.6666325942425009,86753
MT_412,0.004886724685730073,0.0015195468987429202,0.09548970852327669,4.019097941704655,3.0,15.997240660796358,-16.0,26.0,6.067310799623258,131.00199381890351,57912
MT_407,4.322735426978192e-05,0.0,0.2816478267447641,15.455378563555017,15.0,10.318929824805256,0.0,33.0,0.37204789801288024,0.9868921374423887,46267
MT_043,0.013991343047003597,0.001274157166372005,0.11652136804243127,9.092220935194781,8.0,14.724803071097924,-6.0,29.0,3.23213176818278,75.68159623041448,164030
MT_393,0.0020052751382013947,0.0026917657260541244,0.7673338873432815,29.517631968782744,28.0,20.833247346995837,10.0,50.0,14.405722637048731,380.81116994406796,55354
MT_080,0.0001830546834263399,0.009124998613222095,0.8203567902193328,28.941367030187383,26.0,26.1241793827992,16.0,45.0,13.648087271390516,245.3122233404887,180274
MT_040,0.448899503444958,0.0016150925241834333,0.13298626025898752,-35.6520701247974,-10.0,56.58300997373051,-121.0,31.0,-0.23052878035210814,-0.9671563110999806,873015
MT_357,0.007178327783911221,0.0013019516078662508,0.14026329332177997,10.16844878623802,10.0,16.320642637082116,-8.0,28.0,13.490603433980219,438.4527775624561,227351
MT_325,0.005325630726181342,0.0005415895653743738,0.9272916008484903,41.876968903732454,44.0,15.311152926739462,14.0,59.0,-1.69715533598585,11.128414837818802,22157
MT_262,0.0012684989429175475,0.0,0.680338266384778,24.238689217758985,25.0,12.582274856525272,1.0,43.0,-0.7066066566442212,1.8796548152897028,4730
MT_371,0.11753673995852286,0.0333451357734554,0.4357512771926275,20.24092152414896,18.0,82.4617175644698,-73.0,59.0,5.828651968186257,48.277623436846625,257009
MT_023,0.15939606741573034,0.0033146067415730338,0.36141853932584267,2.2622752808988764,14.0,43.29295234692345,-98.0,44.0,-0.31130504902305434,9.021131713824577,71200
MT_047,0.00695074040495618,0.0041301500956986,0.4290319331117155,18.11755817467513,17.0,24.298772033045353,-14.0,49.0,5.586135594590688,88.95195483233084,9927
MT_230,0.3642209398186315,0.03099752679307502,0.17724649629018963,-13.302555647155812,-5.0,104.78406785184062,-120.0,45.0,5.140733160911749,39.715457468189385,6065
MT_119,0.005247032491239657,0.001284238721632084,0.1406057937512613,10.596473847395748,8.0,15.23348859672661,-3.0,33.0,8.87534234162,199.39853187460366,54507
MT_085,0.050101032991520786,0.024398995335486187,0.5553604139519952,28.590315940551054,24.0,50.26649211477329,-31.0,67.0,6.000958974157276,75.9353306117434,52953
MT_079,0.013333333333333334,0.017516339869281045,0.49411764705882355,24.64549019607843,20.0,52.002016765078686,-6.0,45.0,8.763913211012818,93.48166865549,7650
MT_058,0.006474175035868006,0.0,0.7144010043041606,26.371861549497847,26.0,13.618456104790495,7.0,48.0,-0.990534163284619,4.340677151326316,55760
MT_111,0.0,0.0,0.4850498338870432,19.52270210409745,20.0,15.848324241234351,-7.0,46.0,0.024007048377492537,-0.4449949196688623,2709
MT_025,0.035382291791738026,0.012984249961557014,0.34625860227624605,16.552921772211093,15.0,34.037571854350766,-16.0,47.0,5.310031289163631,64.98410791896393,474729
MT_018,0.008837752209438053,0.00043158834319120343,0.5177686882657014,20.764323338139658,21.0,15.374813892340518,-1.0,43.0,-0.5619770121490592,9.629267690912265,101949
MT_235,0.0,0.057587445138981244,0.8274371591967017,40.208072882032184,33.0,34.48258313549384,11.0,113.0,3.569645010945002,17.622759251513678,15038
MT_338,0.08366645278883444,0.0004641906048957204,0.09507248187243418,4.414187197992198,13.0,30.215019108191022,-87.0,23.0,-2.938089302371998,8.284125798241996,704452
MT_032,0.027142061281337046,0.009782729805013927,0.4416935933147632,19.812880222841226,19.0,32.37178996644907,-12.0,49.0,6.395221586152476,90.49139267552412,44875
MT_285,0.004271916790490341,0.0012001371585324038,0.11618470682363699,6.699122756886501,6.0,14.289598798330708,-13.0,27.0,3.809495147574623,76.7827240106446,69992
MT_166,0.004739196113859187,0.0005331595628091585,0.17539468617635734,12.11371108675691,11.0,11.987226329280592,-2.0,31.0,1.5669780480436917,43.24838772021884,67522
MT_250,2.8033584233912226e-05,0.0006307556452630251,0.17704610122927267,11.052576987230703,10.0,12.471429178482545,-6.0,30.0,4.997871817386235,120.6902635980648,71343
MT_365,0.2171612737618185,0.013405016898877686,0.22426308058696862,0.9704091382285412,0.0,80.3477680947829,-66.0,38.0,10.175283357985586,137.96582643727385,70123
MT_194,0.021016431027894536,0.0007642338555598013,0.5964845242644249,21.369124952235385,23.0,18.07991246474811,-11.199999999999989,43.0,-1.3042259836647063,6.128596141162545,2617
MT_153,0.018698678752596586,0.0,0.11695546569249904,11.981939479184982,14.0,12.268492216335563,-4.0,23.0,-3.786431371488391,22.107106187508116,307134
MT_006,0.00503287710629175,2.614481613658052e-05,0.36311227891289855,17.66594768422291,17.0,11.941260051201647,1.0,36.0,-0.5263795686803155,8.239042962386556,76497
MT_046,0.003949255109728534,0.00029163730041072253,0.19997812720246919,11.494142950883418,11.0,12.660915868912726,-7.0,31.0,0.7612955477222308,22.467356843005035,82294
MT_105,0.016052591346888856,0.04892218315242318,0.7191560923406207,37.88090506038832,34.0,48.771748135070446,-5.0,97.0,4.510606227599725,30.66535687406229,6541
MT_313,0.5621333333333334,0.0005333333333333334,0.07093333333333333,-41.52053333333333,-39.0,44.70874014159747,-118.3,25.0,-0.204789214430684,-0.5322474788778875,1875
MT_125,0.23073800644392015,0.0,0.3651216480198899,-2.943526904635056,11.0,40.542457392613265,-90.0,44.0,-0.9334765364342726,-0.061953997491087875,39417
MT_384,0.0036362139465956804,0.0008232937237575126,0.15054383124308204,12.54819012596394,12.0,11.09042572596138,0.0,27.0,4.689259378382639,135.20566130086127,218634
MT_114,0.5372679045092839,0.006587091069849691,0.12807250221043323,-39.906940760389034,-39.0,57.3087690436386,-118.0,51.0,0.22758587752023282,-0.9067260765,90480
MT_298,0.07959751783332367,0.006572715498076514,0.23058632488546077,9.943493978232713,15.0,28.607165617430834,-41.0,32.0,3.0829340122510125,43.755274108836865,103458
MT_004,0.12995706905333623,0.039147202212035215,0.24870843338426835,16.291784908680782,8.0,105.59981514764493,-68.0,59.0,6.9510595482912825,59.67291494167098,13743
MT_019,0.10254206605495193,0.0002596557184600587,0.1356975413163448,1.795310837151979,7.0,23.862569827491786,-55.0,29.0,-1.6313692132375865,3.4512463299013856,273439
MT_197,0.006316699572864646,0.004593963325719742,0.5632895874466081,22.186681377672823,23.0,27.710452891665998,-8.0,47.0,10.820188846740281,222.75654873158086,154986
MT_061,0.0019190176916516178,2.2632735034997355e-05,0.2839443377661729,13.7488528776927,14.0,13.028172113766857,-7.0,35.0,0.09807913937291457,1.1100777351738325,839492
MT_193,0.007878956909775485,0.0021614837540092037,0.682610514572584,25.394435922465487,26.0,15.45349810046615,2.0,46.0,-0.5373499423058673,8.587494870733817,14342
MT_142,0.002580989676041296,0.015930936276254894,0.883499466002136,33.277678889284445,30.0,30.206945596795688,17.0,52.0,11.264113155338416,187.60845887897062,11236
MT_064,0.017639972795075447,0.0038876528836067274,0.19054110133834395,12.129082179621667,11.0,20.460286532582273,-5.0,33.0,6.004826225365385,136.14227705715115,346996
MT_263,0.1676470588235294,0.012184873949579832,0.20903361344537816,-0.7279411764705882,3.0,59.14227022066098,-84.0,35.0,5.982203361256303,64.00160988854572,4760
MT_327,0.012010606769614724,0.019029792544064887,0.2874746529402589,21.516040139343836,14.0,71.12299332834078,-4.0,40.0,9.981792270402876,113.07986625364563,19233
MT_196,0.1047079345581724,0.04037465439085102,0.3779648772334236,24.43555305041798,17.0,105.23188210295719,-80.0,83.0,7.567492826651545,87.81597191570131,1385597
MT_178,0.011551419862024707,0.0,0.6415048933098026,23.401572276592333,25.0,14.579208599037475,-1.0,43.0,-1.3016147915391771,4.162120794364937,12466
MT_401,0.004713800031981534,0.0026975728796590492,0.1999541134510161,11.850145655030486,10.0,28.381289824248064,-8.0,32.0,19.64036473336962,545.8186129846139,143833
MT_391,0.011147707119331137,0.06181910311629085,0.8794020775272359,56.989105649860655,41.0,88.08091112362894,7.0,118.39999999999964,5.3812283196392965,32.63873072091218,3947
MT_254,0.000980018511460772,0.0019055915500626123,0.9031415037839604,36.37202591604508,37.0,14.190344276563916,15.0,57.0,0.8292272469050553,15.873114673471854,18367
MT_156,0.11359318030092949,0.0,0.4373748266830997,12.549838237559698,17.0,33.87749223528086,-58.0,58.0,-1.0602024721698098,1.5022303283529537,19473
MT_356,0.4914527552527063,0.047169736831716005,0.1746322513403185,-25.81488207565792,-28.0,101.12202346023541,-125.0,91.59999999999127,3.4744325497844395,22.527885465873602,126649
MT_239,0.0016119623637958597,0.034808590601636005,0.15100346883613647,18.54410854473641,9.0,48.48528578045895,-2.0,55.0,6.795379475924976,57.074964459511044,224571
MT_109,0.10824029412756771,0.013154788005531756,0.5335109791884508,18.86275171180895,23.0,44.230950556205016,-46.0,55.0,3.725427247928766,33.39091940590824,29647
MT_102,0.008742434431741762,0.0,0.39370843607561834,15.847642531569901,16.0,16.497397201012365,-18.0,42.0,-0.5327975565822405,0.7481487966131843,13383
MT_195,0.14001257597987843,0.02260183050373786,0.474603507301055,20.46580032138615,19.0,97.15542562357156,-73.0,56.0,8.076347140282204,85.11386126384744,28626
MT_030,0.00995426574313842,0.00019608634719971393,0.27591655949202104,15.750710813008599,16.0,12.273693509416162,3.0,32.0,-2.7580396773170217,26.147235160006726,173393
MT_319,0.0004897356080697234,0.00038525867834818245,0.17301472844860155,14.779531290374036,14.0,8.955629749859561,4.0,27.0,11.729284819250482,515.9526031591269,1072007
MT_388,0.0012794882047181128,0.0008096761295481807,0.23496601359456218,14.72606957217113,14.0,11.351101845209461,0.0,33.0,3.19917605134948,55.02971146398855,100040
MT_269,0.00042423878270780874,0.0022978083423916508,0.11867761311972091,12.091114837614867,11.0,15.715703577748483,-1.0,27.0,16.97158776705951,523.5170747784332,549219
MT_115,0.04895837914705839,0.021301549603436398,0.29380158625441644,19.471602820659424,16.0,54.4296075227824,-29.0,42.0,8.291221885647579,106.97831391846155,136422
MT_238,0.0006941048740665844,0.00040817510504811077,0.08708011835006091,12.172413578763292,12.0,7.943337523025972,3.0,23.0,5.201438278915576,143.1716311331339,482636
MT_076,0.00012096983242797975,0.0,0.46924774045634426,20.2644054908783,20.0,7.656660928533404,9.0,33.0,0.18414267127957235,2.7678909466307884,173597
MT_354,0.12843950245005653,9.423294383716548e-05,0.05592725216735771,-11.16584998115341,-12.0,19.457200520503896,-40.0,22.0,0.14188519834677266,2.3761173389993973,21224
MT_132,0.0016174904635458086,0.0001288001665416107,0.12277201921219229,12.56906908930794,12.0,8.619251109473465,1.0,25.0,1.8790095769983879,64.11216594440671,667701
MT_017,0.02177373062672859,0.0008045017307658856,0.4398189218807076,16.958757327488737,18.0,17.04335543062031,-7.0,39.0,-0.4527511926105744,14.910828047209254,229956
MT_067,0.0,0.004056193114364859,0.6415050784856879,23.970815195884448,23.0,11.581566079256504,13.0,38.0,7.12310005721299,87.29678318988213,30324
MT_315,0.011501140276349327,0.002620399767473058,0.505450968116979,23.930054107230692,21.0,21.1563237991879,-3.0,58.0,0.26919203003890346,4.525379007314111,111815
MT_008,0.0018161402138358639,0.004179075330762096,0.24486647463750427,16.927710784553042,16.0,15.634634741914924,5.0,29.0,11.532901077032577,198.57136770136427,204830
MT_341,0.016069419893941828,0.00020086774867427286,0.34713964325887836,15.265788205045798,15.0,17.588384213718268,-15.0,43.0,-0.2130048457307106,1.624163881599162,24892
MT_149,6.172077521293668e-05,0.0012755626877340245,0.4893943134592437,20.492953544829856,20.0,11.964465731733949,2.0,39.0,1.3343920744230717,12.36529710249859,97212
MT_369,0.002736747394466522,0.007572917447701882,0.25268051285896376,14.860500862262878,12.0,18.394914231926393,-5.0,40.0,3.9479925702012575,33.95807214365675,53348
MT_306,0.001334896950945656,0.0015968860721592894,0.03398373172313988,8.657081191676232,8.0,12.63552273695136,-1.0,19.0,18.363679732598598,544.6801542624959,80156
MT_245,0.0,0.0,0.954477050413845,38.644845748683224,38.0,11.196727969635523,21.0,56.0,-0.1917612610764436,2.619018735933955,2658
MT_398,0.0024220405691795337,0.034211323039660915,0.7499243112322131,36.29912201029367,32.0,53.10962524921987,-5.0,66.0,6.988036451601402,62.88736264994826,3303
MT_276,0.13002662182990052,0.0,0.496987529774415,15.476250525430853,20.0,37.92975267066539,-56.19999999999999,63.0,-0.56362267361723,-0.49082489909809457,7137
MT_110,0.008323424494649227,0.0019817677368212444,0.8018232263178755,28.24891002774475,31.0,15.885411167227408,-1.0,45.0,-1.1192944694000577,7.665710092556745,2523
MT_173,0.3376819814709775,0.006617508035545471,0.39629419550009454,-13.918888258650028,8.0,60.67990678751207,-122.0,54.0,-0.4817122027499124,-0.5429426558203998,5289
MT_185,0.01717154904571682,0.058477585441633374,0.8031236129604972,48.646665557035064,37.0,76.69144867960838,-5.0,135.0,5.62162126709428,44.03674106494351,36048
MT_367,0.010813914541365616,0.004449973682951337,0.5913680080386622,25.036508923871956,24.0,23.453206182070772,0.0,51.0,6.904646243592432,124.44531738774263,20899
MT_308,0.037321529713785516,0.0009525771072550332,0.14282771962603072,8.835268523762936,11.0,18.25248850008181,-19.0,27.0,-2.046894969947957,20.06564733467445,543788
MT_084,0.00186219739292365,0.023942537909018357,0.8842777334397446,39.05320563979782,36.0,24.812354355651173,11.0,79.09999999999991,3.0287397236799807,16.34406989353938,3759
MT_267,0.006436854984572827,0.0,0.26603894031279923,14.278859453133313,13.0,14.729847675057997,-7.0,40.0,0.18943833652778658,2.5645493028887376,18798
MT_158,0.02823240589198036,0.0,0.6503227859610838,23.680646481178396,26.0,22.784381326347155,-7.0,51.0,-2.3886953376364697,10.806581449750933,43992
MT_075,0.034903387636824566,0.00941879865456642,0.6101335125208553,24.35577249802423,27.0,36.4467614742769,-21.0,55.0,7.829826873104795,152.03679654817614,261923
MT_392,0.2390092879256966,0.08947368421052632,0.22371517027863777,22.071021671826625,-1.0,163.75659531787323,-111.0,274.0,4.823900578163096,30.141609045588652,16150
MT_120,0.678178037540744,0.0,0.036585365853658534,-48.318169045745755,-56.0,37.7383342173926,-97.0,16.0,0.43053783140250385,-0.9553067818528707,35588
MT_211,0.03561597095118443,0.0016175674565647332,0.6696118469966532,23.961460612864293,28.0,23.026310248635838,-20.0,51.0,-1.3509486145638705,4.498886255359835,474787
MT_221,0.10773468044228883,0.009071489030108423,0.3687603283578079,8.219236608402413,14.0,43.29345943556782,-90.0,48.0,0.8009427008519266,20.0233894861028,372155
MT_374,0.37255684084563223,0.0,0.06741124850418827,-20.481053051455923,-20.0,28.066419669267287,-66.0,23.0,-0.16936466654368518,-0.2927847155219778,2507
MT_286,0.0,0.0,0.11398868110236221,12.503708520809898,12.0,7.388530249286639,2.0,26.0,0.9601319670023053,2.45238157999899,113792
MT_182,0.012329370321444297,0.010127697049757816,0.7826214589754881,33.03684133274622,33.0,22.950842984989293,0.0,64.0,0.5895278139778756,8.17641529405535,6813
MT_321,0.001565487926917475,0.0010205395979272147,0.8717885204157461,34.70152684613632,35.0,13.503855938452032,15.0,53.0,2.0380240221634223,54.20344702446589,100927
MT_037,0.00992812808527972,0.004025103389233712,0.31389592725816584,14.838153561491566,14.0,27.99075335957446,-10.0,38.0,15.810063252623035,458.1602327538996,144841
MT_140,0.058580662628176926,0.0,0.44712173000778366,14.744661409861585,19.0,22.425465470867618,-35.0,43.0,-1.5610626227882998,3.5539055540619344,29549
MT_305,0.009953785993601137,0.01433819172887783,0.6852707666785164,30.125370304538453,30.0,28.075152133945974,-4.0,60.0,4.555400109793262,49.109210855433645,8439
MT_169,0.5136684456789615,0.017260742882632643,0.10795873366382679,-36.139072994340275,-34.0,71.66880338247097,-119.0,42.0,2.8820856423680516,21.741337449232333,316093
MT_334,0.05077646324889156,0.007441570305015262,0.5349464162377737,19.203328654501703,22.0,26.625493924736094,-31.0,44.0,1.1085646310946615,22.007407972474276,44883
MT_299,0.02797967453528012,0.025599794172509165,0.655303273943526,32.57934006560751,30.0,46.987530923263954,-14.0,77.0,4.909062172264092,50.14205639073209,15547
MT_060,0.042745997723755876,0.025580819232467713,0.5923620161634875,24.944605409131544,23.0,40.54573832242847,-25.0,60.0,4.647089259394045,42.950403307806376,278529
MT_112,0.0,0.004516881845899047,0.08939661986675199,9.734783754281628,7.0,22.227121183622533,-2.0,24.0,14.618217096756208,264.91350922838205,26567
MT_229,0.005789560686088524,1.1807397728256676e-05,0.3966813340785113,19.692480261966796,17.0,13.748334609213986,4.0,44.0,-0.1554185244091973,4.031386286583276,254078
MT_410,0.0,0.0036180162441545654,0.6191238001476741,29.103618016244155,23.0,18.653949167560786,12.0,63.0,4.690057460785145,56.42664505945404,40630
MT_007,0.7647719215315528,0.0,0.06874852280784685,-61.34102458047743,-76.0,44.34509144460156,-111.0,28.0,0.9276288624253822,-0.11832483097424751,33848
MT_323,0.07727558436456491,0.033250834806521315,0.4777116480062856,22.00317619328226,20.0,60.46148558524842,-48.0,67.0,6.011474834172357,65.12927641459504,509100
MT_287,0.005253638790801826,0.0006890018086297476,0.06990497516722648,5.387563517354233,5.0,12.468191541643662,-9.0,23.0,5.435925612057528,165.30554886088493,34833
MT_159,0.015199637023593466,0.0,0.1147912885662432,5.77926497277677,6.0,12.96382850667499,-15.0,27.0,-0.5556388857981235,2.0718419053024784,4408
MT_151,0.0048515234282435985,0.00018707673887828787,0.21274366745238896,11.689427669896858,11.0,12.735519772899153,-7.0,32.0,-0.2323931838464091,8.728100211106744,80181
MT_011,0.0011908660573402006,0.0028878501890499866,0.3654172496948406,19.403495191878292,17.0,13.854935064061364,3.0,42.0,2.1704324906740378,13.415075316087052,33589
MT_209,0.010400942908542007,0.0,0.1730113107669403,9.541944955646079,9.0,12.99832034730768,-10.0,31.0,-0.4467825918264017,2.70587333531463,48361
MT_104,0.5611652975916328,0.0012476169932430462,0.22506077760352597,-38.50029441429046,-46.0,57.83987953788725,-116.0,51.0,0.21885258202981026,-1.2220763476870868,171527
MT_082,0.0,0.0038998498088476242,0.4770105133806663,22.19991637083561,20.0,12.252690591893888,10.0,40.0,4.3941466099189,35.284937580780095,117184
MT_223,0.0005769694971534208,0.00016484842775812026,0.14097484295243534,12.1202510406057,12.0,8.759180457605305,-1.0,26.0,1.178211786861227,26.26798698016347,169853
MT_348,0.03803784344219803,0.0,0.46837739761534475,18.21099015033696,19.0,23.03602197547447,-25.0,52.0,-0.9026327704081399,1.9604719348162396,15432
MT_168,4.6853494977891004e-05,0.005739553134791648,0.6234794576707956,24.456446748074615,23.0,14.452836365101842,8.0,43.0,4.155233754559902,38.624519068528166,170745
MT_390,0.007921635434412266,0.0,0.9004258943781942,35.58679727427598,36.0,16.411490327972572,15.0,59.0,-2.2126322449570424,15.114419317584876,11740
MT_240,0.017793921559611937,0.005195641178904777,0.32884270541174304,17.50324152834613,15.0,23.40484752654222,-9.0,52.0,5.049428229572657,75.61035332127693,21749
MT_259,0.4498720151882032,0.011515752143043373,0.1817247483877659,-30.46206766413674,-11.0,79.92876139691204,-124.0,47.0,4.726330723748178,65.8392551719213,1388446
MT_199,0.008113160958058484,0.038519877244347245,0.8272954954319376,43.278210871635686,38.0,43.20839364050075,7.0,86.0,5.432858892116304,47.782511473296054,28349
MT_181,0.001173887223963872,0.0,0.17456393542239224,11.578325898714247,12.0,9.941147667463305,-4.0,28.0,-0.15014030965157235,1.8200160959898337,72409
MT_090,0.3442942961852827,0.05498532801027669,0.25413397478684685,-7.244562548014558,-3.0,69.87740896142039,-101.0,110.0,1.792146264227557,8.654601433765206,158806
MT_333,0.6401200275739021,5.1608907697468585e-05,0.0938655440500459,-57.88641616685897,-78.0,57.479695410199,-125.0,32.0,0.3726442243777004,-1.4111108613222785,271271
MT_164,0.45589964211751455,0.0010590400079162946,0.22284840531428396,-32.08369596716623,-10.0,57.969521849666265,-116.0,35.0,-0.19514410446395122,-1.3212789263283395,848882
MT_148,0.008019424210891432,0.0049115504682622265,0.6754908081859174,31.769171002428028,29.0,41.816048065253526,0.0,65.0,11.744068756395889,207.12854077100837,72075
MT_248,0.2733537724465261,0.0020468907818407714,0.3784066430097339,-8.680729729971308,14.0,50.0569782684522,-108.0,38.0,-0.8218224866879376,0.34097069741996133,111877
MT_093,0.003805417483100368,0.0026009504815686,0.14283843995339238,14.049806456117688,12.0,21.869608973010106,5.0,27.0,21.05902410106823,587.7641535226176,229147
MT_070,0.016028746436818415,0.0011157895779311346,0.47257319893240723,19.247487410229283,20.0,17.001811980744076,0.0,40.0,-0.14453060388377437,38.52422555968436,605849
MT_124,0.006163021868787276,0.0,0.6779324055666004,24.12836315440689,27.0,13.747019342142313,1.0,42.0,-1.2158011682577587,3.525356602754333,15090
MT_097,0.022333281274402622,0.0,0.6935811338435108,22.72106824925816,26.0,15.980611729722906,-5.0,38.0,-2.6565148309491975,10.056541193356344,6403
MT_144,0.256709122526672,0.03253219438830662,0.38851811815575504,4.363003477933919,10.0,66.12479813244586,-86.0,62.0,3.2522800590189203,24.703984541039308,340432
MT_317,0.0,0.0017515534028083566,0.20809237242526543,14.797328636430354,13.0,11.826053176844354,1.0,35.0,3.7524120427243925,38.710164485744166,102195
MT_098,0.5848055947787995,0.020585717303565673,0.10039915055425223,-42.64460590831767,-49.0,65.76306321891141,-119.0,39.0,2.1220056033510133,11.807852886636269,179882
MT_251,0.001125323530515023,3.7510784350500766e-05,0.40226565137477027,20.478037435762783,18.0,12.163301581282903,5.900000000000091,44.0,0.8745183855224729,3.0355596036279007,26659
MT_069,0.008471570720217344,0.011703615473665193,0.3615206001030507,21.16679492241085,17.0,45.18783080722996,0.0,41.0,11.13379408376151,153.61965322896947,298882
MT_024,0.020045673686881503,0.03603146409540726,0.44920916856973697,32.713017000761226,18.0,87.98487855107987,-11.0,64.0,5.845819387749852,37.00610880731937,11823
MT_038,0.0018861644291578831,0.005769444136247642,0.5355597470320648,20.63774547875291,22.0,17.477779838485255,-10.0,42.0,1.1078839763192,8.751649207750555,9013
MT_145,0.13826783670354825,5.869750242127198e-06,0.2560267660611041,4.215220262377835,13.0,32.00045148460041,-74.0,41.0,-1.5503010026963813,2.12727829318861,170365
MT_123,0.004978788592976667,0.0007806976196087674,0.5048020268677822,23.802321470657553,21.0,15.44805294040843,8.0,48.0,2.715111513081395,61.65815793887431,135776
MT_368,0.2762701198913691,0.007544545273895476,0.3181443333112539,-7.490638868649401,12.0,53.967566033210396,-107.0,46.0,0.2554826217773801,7.67995472516802,603880
MT_183,0.018069754567263334,0.005916220704927109,0.41569293227532755,18.55108691640524,18.0,20.1657822139585,-7.0,40.0,3.2386212311110754,54.680278696082574,270950
MT_068,0.0015306058439032958,0.00018818924310286424,0.14664960417529202,12.506078512552223,12.0,9.165193691456711,0.0,29.0,0.7251563038823363,7.712684131566554,79707
MT_203,0.009243856332703214,0.0,0.4693761814744801,21.160434782608696,19.0,16.44275134047257,-1.0,48.0,-0.3883776318432308,1.8106735245681254,52900
MT_246,0.043177583726188344,0.021124659359894972,0.30679158461467054,20.197335879431638,15.0,67.62437705055369,-21.0,45.0,9.215893500268653,116.32604834680109,150819
MT_232,0.022606382978723406,0.0004432624113475177,0.24556737588652483,9.458333333333334,11.0,17.56603654144593,-22.0,35.0,-0.14584979139187765,1.626915561871125,2256
MT_278,0.006542521861265914,0.012133568936613656,0.154881971818223,16.52682705813058,9.0,76.42617012000856,-7.0,33.0,12.718044265392727,188.56635690814238,110355
MT_405,0.4456453556102078,0.00570529606802545,0.1499955194009937,-37.38714615713958,-3.0,81.55614558829382,-134.0,29.0,4.480203760959679,60.06353173783198,401732
MT_212,0.038523017902813296,0.03940217391304348,0.5871962915601023,31.15920716112532,25.0,66.20470442781212,-25.449999999999932,82.0,7.294757377889248,75.74865607652998,12512
MT_126,0.049825783972125434,0.041463414634146344,0.11358885017421602,3.5902439024390245,-7.0,48.324707925736696,-30.0,72.19999999999891,4.0670746569715615,18.693241508234664,2870
MT_147,1.4923813929887923e-05,0.03432477203874222,0.5604190606951512,28.23848254659961,22.0,30.443060525670607,10.0,70.0,5.116793087851899,32.783866604186485,67007
MT_256,0.0009213779571923823,0.0016571545992668747,0.08417682502436018,7.543612994743506,6.0,14.253427510536754,-7.0,25.0,13.768467549284509,428.3402369615744,150861
MT_087,0.6995127025141328,0.014920166351385255,0.10899916311555415,-59.73995967572101,-85.0,61.16352554095944,-121.0,38.0,1.2903739178926705,2.7622803759943153,1092146
MT_350,0.3117026322029879,0.0347877638131373,0.26337443680341477,-6.719219824519801,2.0,60.05770068035373,-99.0,76.0,1.7342466682655087,12.262540918705179,84340
MT_330,0.0,2.900063801403631e-05,0.20650387641861453,14.405950930920481,14.0,8.769913274991284,0.0,29.0,0.4957000627906059,2.573094962268838,103446
MT_351,0.7952553995138886,0.009851158215426637,0.07812164246455636,-71.06240181074125,-94.0,53.91194198341659,-120.0,41.0,1.5302266952564376,2.262601936425593,209417
MT_292,0.21611177112797417,0.05693688420266219,0.23587312529002766,12.43965787806611,7.0,113.67466751512892,-102.0,126.0,5.2485164913539375,40.22318199886586,519347
MT_339,0.6714230620902429,0.0,0.009898444530145262,-50.777734927368556,-45.0,38.121828078199975,-120.0,7.0,-0.30532196600973927,-0.6509840326165803,7779
MT_376,0.4264165293446571,0.0027253137279756624,0.2689821270122956,-27.50449993662061,-8.0,64.31626316471376,-125.0,47.0,1.0892755355172663,15.30173885271812,15778
MT_184,0.07368712804206734,0.0005697259925935621,0.40396844949841015,13.023249054947762,16.0,28.06575241402345,-49.0,48.0,-1.2791803812798823,5.872902154037899,519548
MT_220,0.0006977617948580323,0.0005045354516665773,0.20221136814985777,12.392507111802908,11.0,11.758213215227475,-4.0,32.0,1.8145710525344179,23.841237308291603,93155
MT_335,0.05001219809709685,0.0,0.08875779014837322,5.753642795360287,9.0,17.107412562928918,-30.59999999999991,24.0,-1.9727955348656117,6.477225173701143,45089
MT_228,0.0001520260708538528,6.307464641808787e-05,0.2823803401179011,17.020067441352708,17.0,7.696506331063161,6.0,30.0,0.708635035445613,8.960397965199885,618315
MT_295,0.004647232784114913,0.009750294621217175,0.1826985079936851,13.595379449892157,9.0,43.24029078790858,-8.0,36.0,11.404332419965156,159.07589913854227,89946
MT_130,0.008505315822388993,0.0,0.375609756097561,16.054784240150095,16.0,15.192358454498862,-7.0,40.0,-0.3044580836673014,1.103270913729821,7995
MT_039,0.018605086013462977,0.0,0.07058713537771129,1.5390332834704563,1.0,13.511856976218638,-20.0,23.0,-0.07526088644268449,2.093278508467942,64176
MT_012,0.18526249969172903,0.031203386446101107,0.2383479539956293,7.489469065903163,10.0,75.77980099899968,-88.0,50.0,5.834853918427471,60.12687584555639,1257011
MT_282,6.873319806452925e-05,7.8552226359462e-05,0.15943506922064268,14.697630037249185,14.0,6.850958542149247,5.0,26.0,0.9881801943853303,7.314530756149535,1425803
MT_186,0.017487660575948746,0.0037590298434282353,0.5585264603013761,20.926976759389404,23.0,20.01565829211268,-11.0,47.0,0.2342620466863922,8.261606304473077,30593
MT_362,0.3320068041023142,0.021738836173639968,0.34492016008590853,-8.723432191345074,5.0,76.08533777527943,-115.0,52.0,2.6726568834047892,18.46664471401137,221631
MT_113,0.006852433638391841,0.003680052816099804,0.4203171242544279,19.909012885307106,18.0,24.636878704138756,1.0,42.0,13.391252405888624,307.088137834036,878520
MT_180,9.427736400490242e-06,0.0049472046761572545,0.32672527576128974,18.060448288865842,16.0,13.909646338028258,4.0,35.0,5.138940641139599,51.609992324195,424280
MT_303,0.00022303174485168388,0.0027358560701806556,0.2697197234406364,16.12183480782098,15.0,13.790191459905504,1.0,31.0,8.893423528111375,145.95256641683756,67255
MT_281,0.1378130559737238,0.014232927329957575,0.6512932804160394,19.433283153140824,31.0,47.30904689772386,-91.0,68.0,-0.9078255462941687,2.8677606174954597,7307
MT_272,1.6137165910237014e-05,0.00040342914775592535,0.1214765506807867,14.145161875945536,14.0,7.7762395348002835,5.0,24.0,13.705233673677329,554.2884429820182,247875
MT_118,0.008942501005227182,0.012320064334539606,0.41125854443104143,19.948998793727384,17.0,25.03933416308264,-2.0,47.0,4.601938357777415,47.069178290297046,62175
MT_383,0.32641339439897893,0.0016517756588332458,0.4052856821082664,-5.920789849087769,10.0,49.919918926971526,-94.0,55.0,-0.3638481331566418,-0.1381558043486475,26638
MT_389,0.23588667366211963,0.0,0.26386848548443514,-6.521650926897516,2.0,37.70463536144645,-82.0,40.0,-0.9404154855771867,0.6975378612782013,14295
MT_400,0.003345070422535211,0.0,0.2966549295774648,15.292781690140846,14.0,13.05795656242368,-2.0,39.0,0.1896224866562951,1.2526500203628972,5680
MT_300,0.00029770765108663293,0.0008931229532598987,0.8148258410241144,35.93212265555225,34.0,18.05911799535925,8.0,68.0,0.25522541753180417,0.24090679032049334,3359
MT_234,0.024856023785095372,0.0,0.22904387810887522,10.295696066023112,10.0,16.50315154789555,-12.0,35.0,-1.4849840689678746,6.600322307546858,133529
MT_377,0.0001058094180001058,0.0014380461810014381,0.2728007271992728,16.305654551488306,12.0,16.483672902220558,0.0,47.0,4.85682851682821,81.34036936943237,207921
MT_394,0.00829517910045785,0.001202980518897567,0.16781877487506358,11.06262082173744,11.0,13.639148821492132,-5.0,29.0,0.3209070818755824,36.16265122625171,167085
MT_165,0.03790237267643948,9.067553271875472e-05,0.6148707873658757,21.318150219132537,25.0,22.498890306148716,-22.0,49.0,-1.5280329465734142,4.36401535400092,33085
MT_361,0.0039943173629269696,0.05410858778233029,0.40542321233708745,27.6323374992279,18.0,40.75435347187656,0.0,108.0,3.9691232913859573,19.999008347090548,48569
MT_137,0.0004253199013257829,0.0015676076363150284,0.6291696540326402,25.979718316705352,25.0,14.414880360455001,6.0,50.0,1.710855775570372,19.72262222841995,164582
MT_155,0.0014294838650810548,0.010280118008455245,0.5512941391161532,22.978527327473465,22.0,20.48213152038018,-2.0,44.0,4.312324855828893,44.46162720388804,32879
MT_200,0.0009439309744545716,0.0006356118119442844,0.45587359863011423,22.827222684700967,19.0,20.542792433165896,-3.0,64.0,1.2424350824861417,8.732501392699689,421641
MT_198,0.087975864801984,0.0007925753585764324,0.28576176718738017,5.2416332165776085,12.0,35.034683124972375,-89.0,39.0,-1.7648333886338674,10.80035605591303,39113
MT_408,0.33122638268636206,0.0021298522844383373,0.07653727241497767,-17.75225008588114,-14.0,31.908074566199318,-71.0,25.0,0.4517640900928078,7.256002015152692,14555
MT_003,0.11378016912886568,0.009246037139929166,0.1418283144996617,5.4552703480780185,11.0,37.9642363792122,-69.0,32.0,3.3817090871027697,48.17724838008727,1309534
MT_233,0.0040144719234772265,0.0,0.49120285473559006,19.643405858155326,20.0,15.632268233936886,-5.0,44.0,-0.060481345441545854,2.0536902557617696,20177
MT_205,0.29799207214169915,0.025407789588723483,0.3318590616386454,-2.886621965541289,10.0,104.63544385351548,-121.0,58.0,5.1352617995866146,43.24881887907012,331237
MT_116,4.143016944939305e-05,0.0,0.7866760575050752,28.666487135932385,30.0,9.639306892709993,13.0,42.0,-0.4264160922201421,0.7526103383272611,24137
MT_291,0.00223324122790416,0.006756501003065975,0.521272568984443,24.667474166319693,21.0,23.531004133164664,4.0,56.0,7.843715731341709,117.45193076905535,52838
MT_396,0.0,0.0,0.6782783453357897,26.753642605928654,26.0,12.959624560321382,7.0,49.0,0.18575104317513402,0.3771407347796618,5971
MT_027,0.37858037135278516,0.0,0.30653793103448274,-23.206272679045092,7.0,57.09106279954753,-121.0,38.0,-0.6036902440227769,-1.2053605389595423,235625
MT_121,0.03951873306397962,0.023892972464261954,0.3482857096496779,26.698542893767545,18.0,89.47489752789213,-15.0,37.0,7.648451160207645,67.13913721331514,123258
MT_403,0.07598197037990985,0.0,0.15518351577591757,-0.707662588538313,-1.0,21.395778010794178,-34.39999999999999,35.0,0.11507593696683258,0.25068641451476026,1553
MT_225,0.15380830985285568,0.02211637371975491,0.24442059126078983,7.855964041325641,4.0,73.46865768278981,-57.0,49.0,6.863871001315741,63.12968780832111,44718
MT_336,0.04843648975786767,0.05568391982718438,0.8052917266024789,42.398107448413434,30.0,89.24218770192252,-29.0,124.0,5.583692099111522,39.373152500463355,199519
MT_279,0.0009670010878762239,0.0,0.27015592892542006,14.313550102743866,14.0,11.419321374087229,-3.0,33.0,-0.024339556511006923,1.161220379984515,8273
MT_128,0.00031019775106630476,0.0010339925035543493,0.514811942613416,21.957942354917925,21.0,13.352848170976388,6.0,41.0,8.781125429263959,230.52193590811473,77370
MT_395,0.08723023152309559,0.023863547111851922,0.30540780528672035,14.79566428714798,13.0,62.953360794842446,-70.0,52.0,7.67871281910175,106.2348475683243,916712
MT_108,0.5987056381848245,0.003134243043860221,0.21459015072755103,-42.360211609359,-61.0,64.40572467477641,-116.0,79.0,0.5755613203685843,-0.7281635833099558,260669
MT_347,0.009248870692035222,0.000193847400976286,0.15224069973037588,11.833931518999982,11.0,13.326534499948101,-1.0,36.0,-0.9410213233554736,15.989834626979906,340474
MT_134,0.024550092863394744,0.005678543218837393,0.214653203253421,12.763721367119954,12.0,28.06539570609482,-6.0,35.0,9.333436467572275,170.86893383046507,46843
MT_358,3.987081854790479e-05,0.0,0.26129340935369405,14.597304732666162,13.0,11.315810047328867,-1.0,36.0,0.6281610358673828,0.5059036503612151,50162
MT_045,0.0026406478389364857,0.00013603337352097048,0.8330337042687807,29.834892827040235,30.0,12.433840822805438,12.0,48.0,-0.6984095153826142,18.542967303033944,374908
MT_382,0.4472842348187605,0.02362409984033367,0.10633624234013721,-32.031235564381184,-11.0,67.07338298008752,-124.0,36.0,0.9226332621970763,4.0661803228487,521713
MT_066,0.0023094168722397595,3.749053364025583e-05,0.2539308824521808,14.545794686841573,15.0,10.217845092858111,-1.0,31.0,-0.283758571347632,3.508559707584629,133367
MT_086,0.01823579304495335,0.0,0.45335029686174727,19.095419847328245,19.0,15.367805184517803,-6.0,40.0,-1.555947536633348,5.162995957195866,2358
MT_243,0.28739555979947484,0.0,0.40634996419193126,-3.130198137980425,14.0,44.68796884560057,-87.0,47.0,-0.7059691907469681,-0.8069836202088316,41890
MT_187,0.0022324094404277406,0.0012861618175303855,0.30415889610568575,15.504056003160283,15.0,15.65312143759629,-4.0,38.0,6.299961681617947,154.83978087164,108851
MT_160,7.67035866597122e-06,0.0011352130825637407,0.18533120608719664,15.51930629276225,15.0,9.535128838776002,5.0,26.0,12.529819062207695,325.5741006766226,130372
MT_013,0.007078169722710393,0.00124724768273274,0.5013247116228774,20.646387285272304,21.0,21.737283216019716,-9.0,50.0,7.078459413277897,281.6091604147854,639007
MT_036,0.036275401880497424,0.002153472854109797,0.2623900515620261,8.395784046102518,9.0,23.260712251018916,-26.0,40.0,2.3607905517742145,54.27969587922767,32970
MT_029,0.04991861840260421,0.009473183696858121,0.2757555991758208,10.268658331402934,10.0,31.88847695896841,-30.0,43.0,4.459585884127717,54.63771164627381,656168
MT_171,0.01982235886924588,0.04528140746434367,0.6244683576735844,42.10636262703903,25.0,108.54371630658419,-3.0,82.0,7.459822892704491,66.93743082989867,117090
MT_143,0.0010872417800772316,0.0,0.7711168597458103,27.06062310201327,25.0,10.79763384282447,15.0,49.0,0.41063316816818096,4.510216713685146,80019
MT_332,0.5739882607352487,0.0,0.22242817423540315,-39.4643188137164,-43.0,55.35947101857073,-117.0,43.0,0.07768017455141825,-1.3709561047572456,6474
MT_284,0.16433509885577974,0.007409129503093034,0.6080439089475599,12.710467796061941,27.0,53.8819415191876,-88.0,47.0,3.688891206679341,52.20629210754236,98932
MT_222,0.20936701365081345,0.00539565542604251,0.32417175715265223,-0.31848391821978433,15.0,49.7479971615046,-95.0,35.0,2.5422801965711024,40.54195415195736,256688
MT_096,0.0001767617251944379,0.05427566973053657,0.6143255558174248,35.388198208814515,23.0,42.55726331496346,10.0,107.0,4.7977384288930685,31.310666885324977,101832
MT_052,0.0029717455576213844,0.011109756469261484,0.1622573074461276,17.2098661952513,13.0,42.20811162941238,2.0,33.0,13.309894550981586,214.44465168822668,65618
MT_241,0.05390218522372529,0.0,0.7912591050988553,28.712382934443287,36.0,30.121268990903285,-33.0,59.0,-2.4375517747729347,7.355220291181427,4805
MT_312,0.20718886152680432,0.007387762833870051,0.21016054176927448,-3.319366830839174,8.0,39.97377284701632,-83.0,33.0,0.2427440087731244,7.589888934424415,84464
MT_318,0.047986484101167515,0.006872568639721979,0.19115620995490878,10.50870533002313,11.0,27.669689052960518,-29.0,34.0,4.368073570265921,73.41683674426902,872454
MT_179,0.0016972568314587465,0.0010913543927014307,0.20834283857992528,15.894870451853569,15.0,20.579690925288407,4.0,29.0,35.22466294164761,1746.548662126793,547943
MT_042,0.6784079617560304,0.02401984179765435,0.07657661182005722,-56.136271525925,-88.0,98.06671947408601,-128.0,27.0,4.971664049579653,39.32533479421861,383433
MT_324,3.7490580491651473e-06,0.0003936510951623405,0.1680965157504177,14.48081669480543,14.0,9.764939939153399,4.0,27.0,21.820927035002143,1237.6920431398773,800201
MT_207,0.014741565042776163,0.021254732570544062,0.46113278390193907,29.76494289539189,19.0,95.28634428216598,-9.0,55.0,9.64884983169233,106.87683486839676,382456
MT_283,0.0032803431743628564,0.0,0.7641937925813778,27.873454453696695,29.0,16.14798799784774,-3.0,52.0,-0.7455048490364904,2.118824605545182,7926
MT_255,0.0017601018612140957,0.00014043365913942254,0.35441710669213194,19.098912107253867,18.0,9.831739874199638,7.0,37.0,0.28835052184025567,8.821198038789037,106812
MT_385,0.016675262162626783,0.0,0.05346398487192711,-0.8566271273852502,-1.0,13.6303922448904,-22.0,21.0,0.037543046611681334,1.6361459104045748,5817
MT_005,0.003103102284872351,0.0,0.011257813952823036,7.7032680152610915,8.0,6.198379766293176,0.0,15.0,-2.88947609300755,28.638002808652,978698
MT_257,0.0007231411289581253,0.0,0.11883765131465482,12.688903985943398,11.0,9.070984403750089,2.0,30.0,1.2663987131848118,6.3547202560304985,1142239
MT_372,0.28670749875848367,0.0,0.22769409038238703,-9.982949842741268,-2.0,39.15096322580912,-82.94999999999993,46.0,-0.4750580538684736,-0.5956320688386829,12082
MT_101,0.0164151881943293,0.0,0.2304758746476538,9.805836511357985,10.0,15.50009565898563,-12.0,33.0,-1.0855604069509266,4.8389830462027215,6031
MT_227,4.0054574357562175e-05,8.761938140716727e-05,0.3183262194740334,16.550437471054313,16.0,9.790946672574371,2.0,33.0,0.7805993372732029,10.358794190932457,399455
MT_355,0.4497510060362173,0.002339034205231388,0.04565895372233401,-39.31660965794769,-6.0,57.77127300555738,-123.0,20.0,-0.20545499463354275,-1.0545222822118165,397600
MT_214,0.008026619187998015,0.0008172557718688888,0.2518899039724468,13.197805084498409,12.0,15.08847696012498,-5.0,35.0,0.4471349537652327,36.94580059105956,34261
MT_172,0.009837962962962963,0.06238425925925926,0.721412037037037,40.86655092592593,33.0,58.02348575945746,-6.0,123.0,5.586136251118018,47.18130376570162,8640
MT_099,0.0004303234598006168,0.0009419302397857945,0.055985082120060245,12.354309211312726,11.0,8.16750016228185,5.0,21.0,8.800418255155032,179.67532430891694,209145
MT_293,0.0006849030758374497,0.00415092773234818,0.28828193101158106,17.6828691212486,11.0,23.01219879613127,-1.0,52.0,8.600026176487617,180.21638171977446,48182
MT_216,0.004868491361396426,0.000504660689900849,0.13444754497417324,6.2266223356884165,6.0,13.725723107690536,-16.0,28.0,0.6422329294968047,8.730996801201625,33686
MT_062,0.00014594279042615295,0.0,0.7255479488404182,26.737939818500237,25.0,10.410579468956795,14.0,46.0,1.1345977280196202,3.0088935809791764,75372
MT_048,0.004566638883345268,0.0,0.11709691683395357,9.795902155750952,9.0,10.704307770984865,-3.0,30.0,0.2055253985672027,4.612913721125881,255549
MT_033,0.10651551714462092,0.0,0.2672989505583927,4.461642067456086,10.0,27.655416716464934,-51.0,41.0,-1.2070230490352927,2.1104417494014855,17819
MT_268,0.0016515276630883566,0.010413799431140472,0.5446829984402238,24.77199743095697,22.0,31.345584766270896,-4.0,52.0,9.730245033162774,160.3113606851304,21798
MT_201,0.001484488376200068,0.00024058949545311447,0.2889582218900608,14.600014844883763,14.0,12.022430485504286,-3.0,33.0,1.0713660248063017,28.272124449727727,390707
MT_370,0.04290353171068134,9.578819314731266e-06,0.6124505493452878,20.003448374953305,25.0,23.653223716434688,-25.0,44.0,-2.6579032005928926,10.778575234163647,104397
MT_028,0.0024188568991527636,0.00504140701086576,0.5481129733480162,24.68839394267309,22.0,50.38061151138963,1.0,46.0,20.591923018646398,533.1816015989773,157099
MT_326,0.11134263231436767,0.0,0.186232932120707,4.265413183634447,10.0,26.891179270383958,-54.0,40.0,-1.2662406928709404,2.4127727490239765,40793
MT_231,0.001470206693764594,0.0,0.5826342644642394,25.01833434229871,23.0,14.742648382207564,3.0,49.0,-0.11757514964712469,0.48796143070017983,11563
MT_261,9.675858732462506e-05,0.0,0.1767144412191582,13.390717223028544,12.0,8.847009118174723,2.0,31.0,0.9164335554856833,1.3673337555113019,330720
MT_289,0.5161233480176212,0.017797356828193833,0.07929515418502203,-20.66977973568282,-32.0,88.46360178084312,-79.0,32.30000000000018,7.241808500735006,62.40596102485864,5675
MT_163,0.0,0.0,0.7613832853025937,27.621613832853026,29.0,13.310416918649892,2.0,47.0,-0.6887276696384829,0.5409809139945416,3470
MT_353,0.010073765556001606,2.5090325170614212e-05,0.6259157968687274,23.544409875551988,24.0,15.396915075456961,0.0,46.0,-1.2297549355541806,6.143611940854113,79712
MT_139,0.0,0.0001676032731933353,0.6575470768017352,26.065523020802523,25.0,11.66473746419036,9.0,46.0,0.6660844798240462,1.5566638820394054,101430
MT_063,0.1770731707317073,0.04780487804878049,0.2048780487804878,10.799024390243902,-6.0,96.0338690205085,-47.0,91.64999999999986,5.841345993672392,40.825128115616515,2050
MT_136,0.018948723171793115,0.0,0.1505620266291365,9.540707579489268,10.0,14.591407197007346,-12.0,31.0,-1.5369992586139425,8.419503281231254,216004
MT_129,0.006130522129942216,0.0038729987780378185,0.08897541577781,13.902419070894517,13.0,24.163001167615448,5.0,23.0,17.373483670634446,384.88093430620285,96566
MT_009,0.025683540714467656,0.0027538676701702783,0.4154303098461583,17.307861258897205,19.0,26.672280895676618,-1.0,35.0,11.80433743661773,373.0037917933767,208071
MT_065,0.316303349919122,0.011029846323735382,0.09381198419033772,-16.37547947933685,4.0,52.59142506360125,-105.0,28.0,1.4515245228215958,17.47514885175767,617597
MT_301,0.0003186870095207744,0.004660797514241326,0.35700912241564753,18.82296936621121,16.0,16.96460562222409,1.0,44.0,4.536127900111108,47.96557011377756,25103
MT_015,0.07050761421319797,0.0,0.3121319796954315,8.819137055837563,13.0,23.204244957052598,-37.0,41.0,-0.7212739238865754,0.9771848615329346,19700
MT_157,0.0005894998290450496,0.0,0.3220044566187076,17.705238295480893,17.0,7.753096645231845,6.0,30.0,0.022717895528214935,4.189076407518404,254453
MT_041,0.84646902868161,0.013497228247770547,0.021651803647465252,-81.9410701373825,-103.0,85.45057364505779,-141.0,-2.0,7.468599329441704,87.39015749369996,24894
MT_381,0.026679116921229908,0.01874207963716401,0.23584339358367237,16.364770226105517,12.0,47.38054064772297,-7.0,42.0,11.319756069186925,196.81787503506837,14993
MT_337,0.0030278793418647165,0.00018567184643510055,0.40977776508226693,18.36343121572212,18.0,14.85068514229832,-4.0,43.0,0.07202718244000854,2.817378876393735,70016
MT_217,0.0019443431765706646,0.06343419613561793,0.6793048973143759,42.441487422530074,29.0,68.9126465820111,-1.0,124.0,5.7724349060141,42.870880835036395,8229
MT_280,0.2936176788749807,0.0026271055478287743,0.26425591098748263,-12.467779323133982,4.0,45.604880610807655,-104.0,37.0,-0.7591352021884471,-0.13881440083629792,6471
MT_359,0.5194013028128159,0.00260783566215268,0.192908013017078,-31.69106540031935,-35.0,51.201855560943265,-103.0,42.0,0.3133951966770688,0.10312679340779729,180993
MT_237,0.21265296574051418,0.0008577643809979645,0.19092114214419584,-5.275842504779549,5.0,34.11366173504942,-75.0,36.0,-0.14722180398582707,10.789923196859036,371897
MT_208,0.040578589486907145,0.0037268544802022533,0.08564578928683844,6.894813017688545,8.0,24.91955580823912,-24.0,26.0,8.593849480366478,198.04332325310872,695761
MT_213,0.01585021044585049,0.0013999023752290958,0.36901242413358015,16.238489947411562,16.0,18.137516866226864,-9.0,43.0,-0.8036928539100753,12.453457046311913,108579
MT_296,0.009874890734265734,0.008358828671328672,0.25938319493006995,17.939944820804197,11.0,67.16536886863045,-6.0,42.0,13.118723811659633,194.58694906427075,73216
MT_379,0.004599589953082647,1.5357562447688303e-05,0.1835689439372183,11.65580631042241,9.0,12.51048377815709,-1.0,37.0,0.18299236198016916,5.286067844917801,260458
MT_252,0.1825437693099897,0.0010298661174047373,0.1956745623069001,-4.180998970133882,-4.0,25.220335725768862,-39.0,35.0,0.2846212012775355,-0.4158043086700425,3884
MT_406,0.7557557557557557,0.0,0.025025025025025027,-69.33333333333333,-70.0,48.641216760767485,-144.1,10.099999999999909,0.11004352067732688,-0.9259176552849402,999
MT_380,0.026727570136724176,0.12643128298509304,0.3711613839079041,71.82841578963613,14.0,209.1822391553288,-17.0,447.0,4.816042453346834,28.88356228377139,64802
MT_304,0.000999617793196719,0.0014406256431364478,0.49034192808631993,20.889454032281776,20.0,17.788218901721688,-4.0,47.0,4.764962464331392,109.97122834616688,34013
MT_270,0.07579030041233065,0.0015707834282348322,0.5800117808757118,18.23404673080699,25.0,28.114073735726095,-47.0,50.0,-1.2676500712831644,2.768186018534597,5093
MT_202,0.47902083080166513,0.007719350800195562,0.16483632941548845,-31.703461343898987,-25.0,57.18493986669423,-117.0,42.0,0.5810405264791675,3.325057882986499,707702
MT_162,0.4382991615103423,0.00945525874355042,0.1721361623272597,-32.53887901960484,-6.0,61.5473507287668,-120.0,33.0,0.09141710763301476,0.31379626444213793,848311
MT_044,0.15458623394450435,0.0030150014707324246,0.06754338660653005,-4.63762378664575,2.0,26.519076724462344,-58.0,23.0,0.5419693240032715,14.464295424955221,81592
MT_218,0.0002775394862996417,0.0006812332845536661,0.2559418680930514,12.19225917141848,11.0,16.07354842913173,-9.0,38.0,5.072969153735375,118.20670986933082,39634
MT_191,0.005482790130977765,0.005970149253731343,0.7831861102650015,30.819859884252207,31.0,19.909512518910347,4.0,53.0,3.748066513970209,45.19793264486368,16415
MT_310,0.04502594519097978,0.07106195216815364,0.42342489047277554,43.09212186880533,17.0,128.74010730562156,-26.0,207.0,5.3932591514440045,34.72469784848348,319327
MT_260,0.049166838099156555,0.0394980456696153,0.6158197901666324,30.035795103888088,27.0,54.76242713358293,-30.0,79.0,4.379071883753056,31.21474961380818,9722
MT_106,0.2568602425015954,0.0,0.37440742091348345,-1.683414623028535,14.0,40.05260295003032,-77.0,45.0,-0.7860007538934667,-0.6037080981255856,87752
MT_054,0.6397721879449454,0.0,0.043663977218794496,-48.440056953013766,-47.0,41.44157877596258,-113.0,18.0,0.07185649965834337,-0.7577052622876583,10535
MT_002,0.00473889867994678,0.0,0.024374735311513605,10.277085205398265,11.0,6.6991339893212665,3.0,18.0,-2.8335831930004285,24.343539918506842,833527
MT_050,0.039209535759096616,0.006435423159428502,0.3856936630644487,18.241163098177303,18.0,28.28342555847414,-19.0,47.0,3.722904807723568,80.76695076200404,592968
MT_081,0.0,0.007561582036756978,0.8962140824853254,32.483223540870995,31.0,13.84958642928955,17.0,50.0,3.920732252447052,29.5106353178725,39013
MT_206,0.020830621012888947,0.017966410623616716,0.6772555656815519,28.173219632860306,28.0,29.272705619207418,-7.0,57.0,3.081703964515254,26.80825436594697,15362
MT_035,0.006280917095999507,0.0012315523717646092,0.37043042755393174,17.473490835197765,17.0,15.436874084354187,0.0,36.0,6.398718611012824,224.4499676147912,48719
MT_264,6.959426543252836e-05,0.004454032987681815,0.568097988725729,23.49467603869441,22.0,13.80259058673159,8.0,40.0,3.8486773001661985,34.17771941720216,14369
MT_092,0.6231140092261801,0.0,0.1657243938815858,-37.954701536540526,-51.0,43.914691344181115,-92.0,37.0,0.5067318032981885,-1.1029358533705453,28831
MT_340,0.6334836382375676,0.0037490337541870654,0.10812934810615821,-47.97634630249936,-55.0,51.647586682725,-116.0,32.0,0.6656001577631828,1.282818377349555,77620
MT_053,0.04306032477458517,0.020439088149936863,0.19314340149316556,13.337475353906822,10.0,38.422894483092165,-25.0,43.0,5.550433864758212,49.65226872658947,451390
MT_346,0.009407430554413433,0.00041116392283275496,0.2299722053188165,12.826669736690624,12.0,16.919239034698453,-6.0,42.0,-1.060902600710048,13.65765474099127,60803
MT_265,0.00024599567323498105,0.00016782882379582818,0.22993238567523513,14.956532334636881,14.0,8.928153024954058,2.0,30.0,0.9740157850056049,11.472984246573402,434967
MT_242,0.205521635606635,0.06960905596126475,0.3888489830666294,18.777259002088403,12.0,90.51927524861493,-78.0,130.0,4.347359250639668,29.076246344552025,150354
MT_014,1.4216813514502926e-05,0.000675298641938889,0.399371616842659,18.9713993254122,19.0,11.459522664448542,5.0,33.0,18.795259093932117,950.9821015101992,281357
MT_316,0.020711955255185273,0.002184805406665113,0.08965382089362514,9.59924577869113,9.0,18.432519982631295,-8.0,29.0,9.178766857572958,282.3968173430959,377608
MT_089,0.00013664611033876352,0.001009992989460426,0.17826673320738126,14.558282536627098,13.0,13.221029815935664,1.0,37.0,9.008836016729354,288.96627850980155,336636
MT_274,2.3806122934818835e-05,0.0005237347045660143,0.3961576917583202,20.162024472694377,18.0,10.62384342740851,7.0,41.0,1.6991734396948581,6.818721203010929,42006
MT_167,0.01042862860541406,0.0,0.290853254831844,11.628687705963545,12.0,16.595081809904645,-16.0,38.0,-0.17313651567210853,0.7660853005639714,267341
MT_329,0.050077631991044,0.011728650091847863,0.2481030695178376,13.181849884829221,14.0,32.15039750477524,-31.0,36.0,4.797299976970662,70.24174062596148,1800804
MT_409,0.0011346873936230568,0.0023828435266084196,0.5099852490638829,23.652728923181662,21.0,17.14340260587147,2.0,52.0,1.4333019220031142,10.259380399839397,17626
MT_135,0.0024902059311369125,0.0014452087993205296,0.6379952063535825,26.81000173425056,24.0,18.729618371625737,8.0,54.0,10.020486719951098,254.05658671516983,224881
MT_307,0.02086125774299063,0.0015003337139326946,0.5503963197696546,19.74204188799347,22.0,20.48565531585643,-9.0,40.0,4.305438810614864,118.43100154827034,181293
MT_399,0.0,0.07109773043075499,0.9226493747105141,52.47892542843909,41.0,49.5491381068017,18.0,137.0,4.018416968737594,19.09811514541562,4318
MT_320,6.911070471653978e-05,3.987156041338834e-05,0.040993280313018333,9.963724854335899,10.0,6.0786175723203755,1.0,20.0,0.9598887775394893,12.592056524813806,376208
MT_244,0.18147327137863414,0.02392929206809333,0.24257538295393186,3.420055702390087,12.0,44.24872404786902,-80.0,48.0,0.8245137562236227,7.107615185383663,70374
MT_055,0.06557919954904172,0.04399661781285231,0.4392263246899662,25.087993235625703,19.0,74.17127216880283,-45.0,87.0,7.603168363927869,93.75756671473722,141920
MT_364,0.004804027154249204,0.0026077275862486237,0.2812564285627851,17.81906242815136,17.0,19.159632377908622,6.0,31.0,17.71487197609404,503.17145325887003,330556
MT_051,0.0031988188976377952,0.0,0.2406496062992126,13.805610236220472,13.0,10.355687509810254,0.0,31.0,-0.4365425462182036,2.5254803470834615,4064
MT_175,0.20390501883063117,0.10718769197895243,0.1938887256604076,8.170731055850851,-11.0,89.89376736885359,-93.0,211.0,2.6029559278449277,9.038784721229906,37439
MT_190,0.1333818169932504,0.04042801810782984,0.37854230335517824,26.091123404533494,15.0,128.81783570838377,-90.0,67.0,6.102386233564631,45.56639193714796,489512
MT_413,0.5190086933956144,0.0,0.10237446477228494,-38.01206695212145,-33.0,46.84758237944284,-123.0,29.0,-0.3393099425525618,-0.740642727208658,7707
MT_188,0.025068177050555904,0.019561569121040488,0.605149989511223,25.128907069435705,25.0,27.229526103092574,-14.0,62.0,0.7056377048220753,8.5870144517553,19068
MT_170,0.009910058709590235,0.004174236850403159,0.11160828240664274,10.7490653012808,9.0,26.557195250602,-4.0,26.0,13.546587854508275,243.13212733426494,66599
MT_059,0.5005217391304347,0.001217391304347826,0.0768695652173913,-29.423304347826086,-31.0,34.693123431439716,-87.0,28.0,0.23266587037708153,0.14264635989056584,5750
MT_049,0.005164878823996822,0.0036532069730709224,0.31572623235171565,15.418287353314534,15.0,17.364733822248148,-6.0,37.0,5.103304309535093,82.40039542096021,103197
MT_345,0.5847076461769115,0.0,0.053973013493253376,-38.275862068965516,-39.0,38.22930972445045,-105.0,22.0,-0.2005324764954219,-0.06581266725985602,667
MT_236,0.02371721778791334,0.0,0.10353477765108324,1.4757126567844925,2.0,15.288735044043584,-24.0,26.0,-0.11231723293710069,0.06272937060026207,4385
MT_253,0.12025678590597456,0.00024051525963833257,0.016571923345676972,-4.86386161173917,4.0,28.566314911581806,-84.0,15.0,-2.2900069930383102,5.188872854455127,1184956
MT_022,0.0012347673559822748,0.004050498522895125,0.24097581240768096,16.453367337518465,15.0,13.464845444319012,4.0,30.0,7.0989445578044945,94.59073659711927,86656
MT_314,0.09470117123641375,0.004403213337366811,0.19902768738102003,4.832754284806317,11.0,32.73075115625707,-67.0,32.0,0.199481341176094,26.067127047980176,327261
MT_161,0.0012029636191588314,0.0016811290744730113,0.25663894984799374,16.65273107974793,16.0,12.826157685190502,4.0,33.0,12.525164040239522,431.1995688188079,198676
MT_277,0.0007262164124909223,0.001888162672476398,0.7037037037037037,27.69106753812636,28.0,14.84385884257233,7.0,51.0,0.3872132426826952,3.5267889527745373,6885
MT_192,0.012789651888689028,0.004119934398476351,0.41593482171198815,20.652748386414135,18.0,37.02788317227898,-1.0,48.0,18.749656552812777,533.3858611343845,151216
MT_386,0.21373510861948142,0.0,0.04484933426769446,-15.559215136650316,-15.0,20.53355819477031,-52.0,19.700000000000045,-0.13919391941424403,-0.049154748369990564,1427
MT_294,0.5621897897658075,0.014526723501108072,0.15719847465410186,-34.939389462335534,-45.0,76.09776744297781,-108.0,43.0,5.362740827612191,57.970696528468,250435
MT_344,0.102726349503945,0.0,0.331849074291071,8.377158034528552,12.0,27.025174492025965,-47.0,46.0,-0.8563378220822884,0.6539526317575626,12801
MT_258,0.0038321903993545786,0.0034288019362646227,0.6292860024203307,25.54820492133925,26.0,17.75689662576476,-1.0,49.0,0.9105512283688747,8.277912484739032,4958
MT_309,0.24510350355145696,0.07951394326881443,0.37773268722304626,19.57501128543396,13.0,108.51613756437493,-82.0,181.0,5.287341116486762,45.86066048709475,434188
MT_150,0.00018754688672168043,0.002555326331582896,0.7145927106776694,28.361215303825958,27.0,14.249660597456051,9.0,51.0,1.8185598806586982,15.482061734585486,255936
MT_131,0.0,0.042920378775144284,0.9790440970471228,45.9505799293999,39.0,27.385927788173582,24.0,95.0,3.4478190665861446,16.715257238491066,17847
MT_152,0.4223092587759765,0.01201501723036078,0.1548739214328427,-30.326986423256567,0.0,65.74989878967101,-123.0,48.0,0.6666091482411167,6.055668377352243,486641
MT_360,0.0035516468648260115,0.01123278790185052,0.313393373077953,20.408346370132342,17.0,28.34433765812193,6.0,38.0,10.514284233647281,151.6767996979648,354765
MT_100,0.09390122805032869,0.002444788013625451,0.6558065286524127,20.276958658571843,31.0,32.96327660666028,-51.0,52.0,-0.058498639219059956,15.53602731180489,159114
MT_373,0.6585429427863938,0.0,0.0804378991268083,-48.153395021503975,-55.0,43.71820246656188,-106.0,28.0,0.41497457518157727,-0.9479782547628264,38365
MT_088,0.0645937599044748,0.006121426096955134,0.36054868026328396,13.599022635640631,16.0,33.00523131800074,-44.0,48.0,2.2762791911521685,44.43189894470537,271342
MT_331,0.012480567219259884,0.08689903671524256,0.3738067909396022,42.673776279657694,15.0,105.29534389232887,-3.0,215.0,5.171980477413464,34.010756318322706,275308
MT_215,0.0,0.0023792261898683766,0.17834495716371732,13.309079862352064,12.0,15.26473692679389,-1.0,30.0,11.481813855345713,234.1262045500525,195862
MT_122,0.11636725223732185,0.02139608882996354,0.13885051375538615,7.896538283062645,10.0,58.80010054423834,-82.0,52.0,5.122751745310555,51.812408445884856,377125
MT_415,0.003146960698483307,5.67872607245108e-05,0.14037455930719542,12.105891678300168,12.0,9.415712638320397,0.0,26.0,1.2924905517844578,105.99126003799735,845260
MT_021,0.016197916666666666,0.0,0.73109375,28.71515625,33.0,20.022241785609804,-11.0,54.0,-1.1623026356398638,1.7604563819657963,19200
MT_189,0.0009686448886821091,0.0001932205027292396,0.1727340446898684,12.081704306529073,12.0,10.764436253874202,-3.0,28.0,8.345391762946043,484.98287751259124,393333
MT_072,0.016960793096240556,0.0050165726059303055,0.5754725432231479,23.43868135805787,23.0,24.55610047008232,2.0,47.0,6.518685176290195,118.6394450106419,33489
MT_107,0.12673160702922318,0.025356111410250133,0.4608318240409875,19.76880904596407,18.0,70.02357167365446,-71.0,60.0,5.695472909852796,53.15010289852185,61287
MT_271,0.10644776119402985,0.008776119402985075,0.24946268656716417,6.142029850746269,13.0,41.58346981493794,-100.0,39.0,0.6538175087256635,20.126180162494048,33500
MT_349,0.008203095167012658,0.003933181051301456,0.7841575771882442,31.884948379168375,32.0,37.97112275288715,3.0,54.0,28.67658026110297,1272.6181637993311,288062
MT_103,0.0188479391881367,0.16118882208168478,0.5189507461291629,94.78389980996293,21.0,242.2051997711985,-10.0,540.0,4.599173705627732,26.08412894306922,160495
IT_043,0.002654203840153444,0.0,0.42404452038604146,17.240289868775623,17.0,15.307714420784178,-8.0,42.0,-0.191069515693801,0.11454437711143539,148067
IT_080,0.00011806765749044832,0.009469026130733955,0.6002913909786864,27.24388763737172,25.0,19.99897996111565,7.0,50.0,5.16670392819508,63.17041568807589,423486
IT_046,0.0034391344844880707,0.016029299293011258,0.4621853500202449,22.617491264698383,19.0,30.353242713269072,0.0,43.0,8.083717730656465,98.8705442530221,600151
IT_093,0.0899058899886419,0.0029482394937530424,0.2948271945481097,8.342336524419926,13.0,26.103147135366772,-49.0,35.0,-0.6562996289763383,8.052156667838712,616300
IT_006,1.2288333456216668e-05,0.008098011747646783,0.9010420506770872,35.606613581066135,34.0,15.1489258543363,17.0,60.0,2.253708337615397,10.83169018220843,81378
IT_053,0.0009743135518157661,0.050959551225273104,0.71358134041925,40.35066430469442,31.0,51.76639579011374,0.0,102.0,5.235143085623174,38.05238481293788,33870
IT_018,0.009831234519851406,0.0006392325325664701,0.6522890593329164,24.880924734819644,27.0,15.25116193752288,4.0,44.0,-1.1616359211641432,7.732733202974533,1235857
IT_040,0.003461721028005696,0.0003404082186207364,0.5963192513731607,23.992402522546957,23.0,14.677050126608382,3.0,47.0,0.08923279865229185,5.597787360281952,1474700
IT_083,0.0015234528742566807,0.0018813348909977054,0.7069454992989618,27.248241603382834,27.0,14.189053886858362,7.0,47.0,1.336463079043574,26.338152845126263,1120481
IT_084,1.7908383465327304e-05,0.000191481946283115,0.5847390266380316,22.99360395196696,23.0,11.179106348538589,5.0,40.0,0.33304025085063327,3.657423647431881,725917
IT_025,0.0006580878523610677,0.0061074340255091895,0.41756857843555,20.06985200124989,18.0,16.5177264124141,1.0,41.0,3.6905933455619953,32.100792539239215,211218
IT_007,0.002624282036046742,0.014759523337954711,0.49743761140819964,23.267598369314054,20.0,22.156429681365722,-2.0,55.0,2.771723162892245,15.78190892305446,242352
IT_015,0.03933127466325032,0.009989182917469891,0.634711957408493,21.65970002235933,24.0,26.919151732306528,-20.0,44.0,1.7709413077463934,32.787620650409245,330958
IT_103,0.022271886559802712,0.016491985203452526,0.5756781750924784,27.193588162762023,25.0,26.96891007350788,-5.0,70.0,0.8052464414473385,5.257136893301347,12976
IT_066,0.0032480187085877615,0.0,0.5464791477198908,20.292581525269586,22.0,13.391283440530614,-4.0,39.0,-0.8422067940273463,1.829834953136369,61576
IT_038,1.3623718348696346e-05,0.005720599334617596,0.5016021492778067,22.607717291495803,21.0,16.355095443647155,4.0,45.0,3.8661016457011645,36.91983487246664,734014
IT_042,0.014217277082367486,0.002163498686447226,0.7290990573327152,31.07232267037552,30.0,21.30649299975071,0.0,67.0,-0.14575775633611288,2.168208189697311,6471
IT_014,0.00975050954371662,0.0020232976776708273,0.6146659327253522,25.96296472618534,24.0,17.509211636827008,2.0,51.0,0.6551271333614468,16.79170810051015,336085
IT_021,2.445466105839773e-05,0.019942776093123348,0.7387264012520787,32.714858652059085,29.0,25.932788964504496,8.0,64.0,4.912572854689584,39.59665034980484,81784
IT_013,0.0018051899210229409,0.0,0.7803685596088755,26.696803309514856,28.0,10.13822043863361,10.0,40.0,-1.6395744038833182,6.357618973841582,13295
IT_041,0.07648858554954106,0.0007060484819957637,0.44222169922334664,13.207813603200753,17.0,30.377547033186232,-41.0,54.0,-0.8418716165244543,1.461433120541396,4249
IT_082,0.0,0.0016335890255286334,0.6338579081943261,24.453830816997442,24.0,11.391247120710105,9.0,41.0,2.123953203714669,17.816611451545423,394224
IT_060,0.004633074033373796,0.0029134795710678233,0.28520273968722376,16.08783428574761,15.0,13.71348099276903,0.0,34.0,3.0256300290163116,38.47901850998707,1200283
IT_008,0.09029850550016962,6.574431771861957e-05,0.2944004249712697,6.530204254446288,14.0,32.249317231470215,-83.0,38.0,-2.301261777035006,5.468630590471406,380261
IT_077,0.034541404172754926,0.005269839748963998,0.5648549596378183,21.320454164371093,23.0,25.125000437277066,-22.0,53.0,0.48797001477863,11.29248227569172,41747
IT_049,0.03985152199260711,0.0033181175419881416,0.25637884839613984,11.892430970750949,14.0,23.010083643029247,-24.0,33.0,3.3625856756872086,69.01336689503502,322472
IT_003,0.0013223260736419465,0.0005279917774080532,0.738816547496967,25.62288480627395,26.0,10.170553412401507,11.0,40.0,0.6147466392232755,26.64122141896398,852286
IT_056,0.0056270965262711255,0.012829339759344803,0.5006854990433035,23.31033192163895,21.0,23.37119014791864,4.0,46.0,6.359999842878972,88.66626087967003,999272
IT_079,0.003074321727768811,0.0,0.5716701252786104,22.736530627930215,24.0,18.03937406770203,-8.0,50.0,-0.26718722563970637,-0.17793277628587179,13011
IT_011,0.033638982481857024,0.0031971006392443662,0.4260387061848694,16.067339481468593,18.0,21.257099161227185,-19.0,37.0,0.7659485048108389,31.33298624045998,568953
IT_075,0.007007949878625753,0.0028204037913977685,0.9650248400066742,42.69960008396622,42.0,30.802225983814086,24.0,64.0,18.811251103767603,524.1790765148853,185789
IT_073,0.0013205229414774457,0.025752716067417913,0.5772138908938609,28.92810166371498,23.0,35.67491843935238,6.0,57.0,7.58648033878182,91.00144772964374,1389601
IT_098,0.003122957368000581,0.00029050766213958894,0.6055269082722057,24.09521388626625,23.0,14.62967260059312,3.0,49.0,0.06550557414492367,4.3462232919899675,27538
IT_065,0.008260792998256002,0.014834395953773644,0.6735429286665139,27.573431585485242,25.0,32.33141879321853,6.0,46.0,8.290324103239406,100.38613075311797,1056194
IT_035,0.10719201778599721,0.011640728754063934,0.514996666705283,13.623947484547308,21.0,50.32719742621225,-97.0,46.0,2.6108591705009268,39.62486884660744,949511
IT_100,0.001854552656691694,0.00030609121518212427,0.6726984641423144,28.717909937161274,28.0,17.314301685384518,3.0,59.0,0.2437905989642454,1.597813972913504,55539
IT_044,0.021905307679647518,0.00039724479995981285,0.33307951968410776,14.381910225319102,15.0,16.880621547743985,-7.0,37.0,-1.5536568893150087,10.204771457180325,1512921
IT_020,0.43137413279484976,0.0009900633784513265,0.11286322650298898,-29.865245016694324,-6.0,51.128638207184565,-109.0,24.0,-0.2522489891730881,-0.480886796927781,1250425
IT_027,2.298269403139436e-05,0.005837604283974168,0.5596285996644527,23.465422536829767,22.0,15.695718588058037,4.0,45.0,2.7978296061842545,19.655051436565444,43511
IT_050,0.032906085792601986,0.015390630004218728,0.29715754854299237,15.563591264801444,13.0,26.36461454721203,-20.0,47.0,2.4734270610825173,19.30445300132015,452743
IT_028,0.00013613608658255108,0.003824186432182571,0.3946461389949444,18.91378872916963,17.0,15.270448744427568,0.0,42.0,2.6280356662710913,19.819056241745635,161603
IT_002,0.0,0.00276341523283159,0.6084422731267766,24.441101248683616,23.0,12.453505219100116,9.0,42.0,2.3827739822235,15.52769484421692,126293
IT_071,0.0752538518837966,0.000286686007762575,0.5785421648959109,17.603927353275573,23.0,26.24220653888273,-47.0,46.0,-1.8474728620112761,4.28875255437804,408112
IT_024,0.003641621455624936,0.00737793018732726,0.7708823830484185,28.8590669464633,28.0,18.12121197551317,8.0,48.0,4.363988322247276,55.266307483519874,390760
IT_068,0.0033731781084857344,0.00305918761214667,0.4036133929457878,19.4223858273246,19.0,18.130979457953767,5.0,35.0,15.042658652549681,490.0180131563461,1238891
IT_004,0.004159528030630335,0.0,0.07146134707924258,11.360368279129359,12.0,8.178225728498113,0.0,22.0,-1.6632653479047237,13.68959909728725,671230
IT_045,0.010383494047956136,0.011063062064400718,0.3239246097203128,15.591316148937853,13.0,26.25428523581182,-11.0,43.0,5.508925577190129,65.68522625166199,2489817
IT_074,0.019293988589929742,0.004921347197716566,0.373850206439199,16.98375023519513,15.0,29.925915121781298,-7.0,39.0,11.94642495861835,239.4518166415886,1126724
IT_086,0.0010984599777818576,0.024035424556337306,0.44351332932950377,26.527870699124655,19.0,46.95034070533274,6.0,49.0,10.184312612579006,143.08404395659238,321359
IT_032,0.020714940990746965,0.0057953714641404116,0.36349948232050805,17.20963768644611,17.0,20.358574299279358,-8.0,40.0,3.2015137313023896,61.773552681717234,1288442
IT_101,0.0009982059734566398,0.00677933930884813,0.3194156207228932,16.67876062380441,15.0,17.741671160268055,-3.0,37.0,5.008728210706677,51.87689366133736,874569
IT_059,0.1490708305536614,0.008353785974698626,0.11497748773456944,-0.9257587581205396,7.0,38.866467311144284,-84.0,30.0,1.295841363167525,22.992235648877404,812446
IT_031,0.006940302793350386,0.0037285904249444468,0.4233275460662046,18.561227960893977,19.0,16.849919507881516,-9.0,42.0,1.1627567692369203,12.003807977237548,226359
IT_052,0.005085653104925054,0.0021413276231263384,0.6771948608137045,30.428399357601712,28.0,19.988372200880736,4.0,66.0,0.40920773719944753,1.5813091501358931,7472
IT_088,0.007712724062807432,0.04381837797994989,0.703348917296019,34.41162367454583,27.0,46.895003376386214,2.0,88.0,5.594990983707746,43.308477222721756,1009371
IT_036,0.017114148177557156,0.0008606194348977933,0.5289220903958931,21.892496454004355,22.0,18.87477627748728,-3.0,50.0,-0.6540945830903975,5.404790229402064,1231671
IT_005,0.007250696242732203,0.001580593149948698,0.669155225484927,25.65453412810866,26.0,16.33349008659203,2.0,48.0,0.356625320549511,16.618798648651342,409340
IT_054,0.019305772230889237,0.0034321372854914196,0.2136505460218409,12.218369734789391,13.0,19.190062946925888,-7.0,31.0,4.041076816801845,82.15021242703071,25640
IT_010,0.0,0.016016762554158678,0.426961254350451,22.66939901626536,18.0,21.98126266501993,3.0,53.0,4.215092290391013,28.210720762816134,450528
IT_096,0.0004176081919853551,0.004694755108072805,0.3304463068371423,17.793083721861503,16.0,14.673205235687195,2.0,37.0,4.259238154504768,41.06604656035857,524415
IT_094,0.47640630413814417,5.150439660258271e-05,0.09842139024413084,-33.67506344405218,-25.0,46.48968577042656,-107.0,27.0,-0.2567799231108822,-1.323163927070499,854296
IT_037,0.23241341204524965,0.0020869269751573804,0.4973590080706754,-0.5458419874095627,20.0,46.9809497125001,-101.0,41.0,-1.0739345070953867,0.6287881897885526,1306706
IT_105,0.0001957905041605482,0.017719040626529615,0.6868330885952031,30.031032794909446,26.0,23.004090301349873,7.0,58.0,3.8983678882243855,24.83033511738999,10215
IT_070,0.004939006844461369,0.00048817429969893534,0.8807050897539229,30.68728212895532,32.0,11.67694634431123,16.0,45.0,-2.9053377057159473,32.16801836284527,698521
IT_033,0.005333161986763478,0.0,0.4050632911392405,17.134999678725183,17.0,14.624300469246528,-5.0,40.0,-0.3144969415353536,1.0293008916183997,15563
IT_039,0.0,0.0,0.7429173495668462,27.06221220635292,27.0,10.303015738585001,10.0,44.0,-0.054023315231877006,0.18724881720150321,102504
IT_087,0.00041886173244667067,0.0048190690042317985,0.3440970722860351,18.789144140253907,16.0,15.208380422725533,3.0,40.0,4.401155819265892,43.26513281219554,231580
IT_078,0.010592714709003257,0.034164717631637885,0.4266679395058691,25.099560503309995,18.0,45.03965404277411,-1.0,65.0,6.364385344336495,55.640522978627814,272357
IT_072,0.00040479902159215207,0.01840974273730266,0.4543933612960459,23.93241578888439,19.0,29.75071737934617,6.0,43.0,8.017597694466327,89.29920729867118,464428
IT_095,0.012689802477218725,0.0033893410638025094,0.3580702538333908,17.151112582633083,17.0,15.606041130452335,-1.0,35.0,1.2820740022587525,25.982774496150036,803401
IT_047,0.003850169262158129,0.004221695029234304,0.39226271645527055,18.863677025801323,17.0,16.314243940692283,1.0,38.0,4.955217961110096,68.8287819932402,481797
IT_081,0.0010876111731582241,0.007063625253629756,0.37884537794488266,18.905331048960043,17.0,17.49046703261595,0.0,40.0,4.664356247515665,46.146397227583115,171017
IT_029,0.023663461906335868,0.002165706325706426,0.43007678755443274,17.01531925195638,18.0,21.319327148701714,-11.0,45.0,-0.03732680183480014,16.71423518469902,1594399
IT_057,0.0003022012978750477,0.0030697289731518003,0.7382724689315858,27.85274313950036,28.0,13.574155316786953,9.0,46.0,2.3177019657107825,20.785247077604865,188616
IT_051,0.013261851015801355,0.0008465011286681715,0.40801354401805867,15.984621896162528,15.0,21.504210188681164,-17.0,50.649999999999636,0.09410867929710544,0.4840764500612522,7088
IT_085,0.002449591060004859,0.022605380691055645,0.6270735095336277,27.76258276908127,24.0,23.21396633617825,8.0,65.0,3.731798512662711,21.868050010729153,642148
IT_026,0.005510180779601552,0.02077356518517513,0.6027990856022274,27.544655939074215,24.0,35.628093230374986,-1.0,52.0,7.260284757233211,81.92715650998771,1252409
IT_076,0.005774783445620789,0.0005687286726747747,0.6110333362498906,23.73403184880567,25.0,15.834242263012904,-1.0,45.0,-0.9563397899809328,8.846015537850624,45716
IT_067,0.001261312204332577,0.012362224002680288,0.6436012282633989,27.83209766679982,24.0,38.43958385378975,9.0,45.0,13.870456986793277,260.43451517076016,1319261
IT_022,0.0,0.0028715739814886036,0.8912006768710099,31.45267030741225,31.0,11.942338517117511,17.0,46.0,5.857247742621516,90.9828482829863,78006
IT_069,0.0,0.0,0.814708695633356,27.587000336150943,27.0,8.17934008238547,15.0,41.0,0.3661434867483831,1.0178125615249245,693141
IT_102,0.10426982217621991,0.022062457455637303,0.64898686136832,24.137783123991756,31.0,48.99223879086296,-81.0,70.0,0.41785727872568507,8.844328833674563,107241
IT_064,0.00028565307434121257,0.01499678640291366,0.6035849460829822,25.53667071341855,23.0,19.787166338191412,4.0,55.0,3.1324944085661395,16.27190711523491,14003
IT_061,0.0,8.000331048181304e-05,0.9561637033256548,38.70612852945639,39.0,10.883026739175964,21.0,56.0,0.05169093199746988,0.2306182931445,362485
IT_016,0.028676427075073084,0.009700441467138513,0.7301606088222414,25.733737321134797,26.0,25.61972660711932,-10.0,46.0,3.6145591762593297,51.59616044311479,844910
IT_089,0.05149398020872601,0.008722640607563488,0.4077649741781776,15.933396441910956,18.0,27.0391362600502,-32.0,41.0,0.9398139002689002,21.29754350508941,1069057
IT_048,0.009110772273089986,4.088264107918059e-05,0.23922855970455478,9.001975994318826,7.0,18.170158951562737,-18.0,42.0,0.3764603587786914,0.48500388011653417,660427
IT_034,0.08574262164077914,0.0008894213042738876,0.43893468095961186,11.462238723085976,19.0,29.13220222029495,-59.0,38.0,-1.8032917135735196,8.334391623330685,664477
IT_091,0.013518974435491892,0.0006776584104247488,0.704289142544514,23.9514914702079,26.0,14.65279234180784,4.0,40.0,-2.1273964794066376,14.821170390753323,321696
IT_099,0.0031121655059819903,5.101910665544246e-05,0.5937093441493839,23.132573148644166,23.0,13.79800861140585,2.0,45.0,-0.22679801361659446,2.6766073773023518,39201
IT_001,0.0015866846637063166,0.010946606627822963,0.568446220916753,25.600507030901568,23.0,27.465179423529968,4.0,47.0,9.478867531070213,139.92066910466198,1186121
IT_012,0.10104232173788325,0.0018576440605037566,0.36091665839208287,8.969393693663875,16.0,30.4716880940078,-69.0,38.0,-1.5800338507343077,5.295228649976947,725112
IT_009,0.0,0.00682261208576998,0.27696092082056994,17.59551656920078,14.0,25.874626430222765,1.0,39.0,13.60943113227961,277.8226829941604,107730
IT_023,0.001482654494927148,0.0029506463217834635,0.6324733247254847,25.191127878303305,24.0,14.229573596953804,8.0,46.0,2.6968670474643917,36.106523661303065,1159407
IT_062,0.04795623705368114,0.00925990941965383,0.3905597198328828,15.52496884106309,16.0,29.39428106830057,-29.0,47.0,2.4045559343688665,32.335097270715686,455728
IT_097,0.000863659192572531,0.0014269151877285293,0.5655184067365417,23.986838584913187,23.0,17.30825321341241,-2.0,52.0,1.1658772073810286,12.5545671679413,213047
IT_090,0.48665656475621716,0.10785274979944737,0.3333719582850521,-27.8218112131206,-27.0,104.97146700497515,-196.0,140.0,0.005651971748778011,0.038362769530412066,112190
IT_055,0.0002271492116889858,0.004304571424816896,0.6173737233416465,24.739772419017083,24.0,14.159432620146045,7.0,43.0,3.426972978295143,34.54639862257376,1065379
IT_058,0.0016332414725740649,0.010605181295247594,0.5092109374914935,22.99490864191616,21.0,19.0679816052494,4.0,45.0,4.511776473124564,39.449692065118036,918419
IT_092,0.09832073354085932,0.06686360459945366,0.4175295936302226,25.42845647248163,15.0,68.60275530387604,-46.0,143.0,3.599861639582246,18.5515748412586,94446
IT_104,0.0012014417300760913,0.0,0.631858229875851,24.038245895074088,25.0,14.32423678658762,-1.0,45.0,-0.38946174714157805,0.2458595360342195,9988
IT_063,0.009660352581590918,0.006915450636601429,0.5966605212881889,24.630739254073656,25.0,21.784340398158992,-8.0,56.0,0.6235150154298419,5.952838146372304,657947
IT_017,0.002569404689932642,0.0003517716988299244,0.25485658949981543,18.087469437325787,17.0,10.178889692336483,7.0,37.0,1.7282122451260489,76.4974347171191,747644
IT_019,0.013009569485219964,0.030549890559751387,0.6475127555784645,31.663189230780723,26.0,42.82355732457174,-4.0,74.0,6.157847965245448,61.750127859116404,267726
IT_030,0.00010014541113697089,0.00034450021431117983,0.49192627695413743,20.397072549341644,20.0,13.347336143565428,-1.0,42.0,0.4732769816184446,3.3321442699616988,249637
IT_106,0.0004527506780376741,0.004349018532304196,0.08944437914386588,8.300003918034713,7.0,17.368850952725428,-7.0,27.0,10.004251095962127,169.0911499126627,229707
MGCT_050,6.15530303030303e-05,7.575757575757576e-05,0.93578125,33.326875,33.0,9.00319909933429,19.0,48.0,0.22352724202453958,2.278852675292634,211200
MGCT_074,0.016784283806980736,0.0,0.6988365439633798,26.893190921228303,28.0,18.189637171275223,-1.0,54.0,-1.281496434242387,4.72551619741877,5243
MGCT_083,0.00202592824761749,0.0,0.9377322322458732,36.898113070416905,39.0,12.122546439827492,17.0,52.0,-2.059294882341499,8.010599215827014,110073
MGCT_097,0.0,0.0,0.9538194809288641,37.238888305138175,37.0,10.425760339815145,21.0,55.0,0.12876573094000526,1.232139630914678,19034
MGCT_110,0.008047210300429184,0.0,0.6552217453505007,21.427575107296136,23.0,11.558372318705029,1.0,34.0,-2.709120887369874,12.428073556218218,5592
MGCT_088,0.0,0.0,0.8455758663227543,27.71582370752495,27.0,8.065462632841442,16.0,42.0,0.3466435026358904,1.523927482501568,8917
MGCT_104,0.0,4.600027600165601e-05,0.8982703896223377,38.31859791158747,38.0,14.366427542893256,15.0,62.0,0.0422832908711225,0.25243376178465615,43478
MGCT_100,0.0,0.0,0.5219955371373924,20.423334395919667,21.0,6.579515644394276,10.0,30.0,-1.2790418531701817,5.482244722157715,6274
MGCT_033,0.0,0.0017921146953405018,0.935663082437276,38.53727598566308,37.0,13.496815279438064,19.0,63.0,0.8529941673918918,2.916466495105702,5580
MGCT_054,0.0004464285714285714,0.0,0.7482142857142857,25.489285714285714,27.0,9.498396078350519,9.0,39.0,-1.0510113855454117,2.56063926661815,2240
MGCT_032,0.0,0.0,0.8818770226537217,31.179362708488924,31.0,11.286967521872924,15.0,50.0,0.08782082637460772,2.2228322367129945,8034
MGCT_094,0.0,0.0,0.9909762991954773,42.24733637747337,42.0,9.945515355373999,27.0,59.0,0.18200648532602365,0.06845900355549839,9198
MGCT_015,0.0,0.0,0.9281469898358092,33.38205629397967,33.0,9.045504725573949,19.0,48.0,0.0390942218851526,0.2762646606670143,25580
MGCT_081,0.0,0.0,0.9308082486741138,32.75063223456986,32.0,9.820158388282804,19.0,51.0,0.9110937100864653,2.067207177065397,69199
MGCT_003,0.0,0.0,0.41939771751739247,19.5744791490383,19.0,6.010547863167729,10.0,30.0,0.27783382157241515,-0.2575240753334449,324997
MGCT_060,0.0,0.0,0.9745498762693062,37.35363512245072,37.0,8.352519812671831,24.0,51.0,-0.16014174601588743,0.5873700802066688,46876
MGCT_086,0.0006169983032546661,0.0,0.8715872281351227,30.529076045040878,30.0,11.162295155006824,14.0,49.0,-0.25618380808012203,2.6335883923537615,12966
MGCT_026,0.0,0.0,0.860895711346732,32.49675581579364,32.0,11.185566538909146,14.0,52.0,0.38311631559601445,0.8333791212590755,6319
MGCT_048,1.006593185364135e-05,0.0,0.6976677235895113,25.513209522371533,25.0,9.732364877947578,10.0,42.0,0.051532090191911836,0.3690014425039063,496725
MGCT_034,0.0,0.0004673625175260944,0.8342420937840785,31.548527808069792,29.0,12.827772303219588,15.0,56.0,1.0898435509033955,2.300657231009432,6419
MGCT_006,5.426181324892607e-05,0.0,0.9549807822744744,37.61314944607732,38.0,9.838776349762263,21.0,52.0,-0.5264224266923367,2.095940046196251,110575
MGCT_079,0.0,0.0,0.7834663031712304,27.877280198853384,27.0,10.503633570961417,11.0,47.0,0.5270369862089619,1.0678640971204976,24943
MGCT_004,0.0,0.0,0.8554768129902298,26.858228980322004,27.0,5.95158659687378,16.0,36.0,-0.26689485979730165,0.38825658486885795,29068
MGCT_056,0.0,0.0,0.9700402584027713,34.33325531317293,34.0,7.27935287961224,23.0,46.0,-0.020290039806942693,0.566246101719202,21362
MGCT_116,0.0,3.84130788850988e-05,0.8697796625795151,31.997019145078518,33.0,9.599573686757626,16.0,47.0,-0.15548245774569985,0.1041085101415562,130164
MGCT_041,0.0018075011296882061,0.0,0.5966259978912487,22.833258020786264,23.0,13.261311828727177,1.0,44.0,-0.33835862427582597,1.2115292425206272,6639
MGCT_051,0.011598817375483284,0.0,0.9019786217875825,34.48282920172845,36.0,15.068805528949671,11.0,53.0,-2.1221770707706207,8.449269119296382,4397
MGCT_020,0.0,0.0,0.9582235915784592,40.16771853103414,39.0,12.344730364387846,21.0,61.0,0.2276128275492666,-0.368354859860903,60369
MGCT_022,8.131180332301013e-06,0.0,0.5008461509533301,20.703000507182374,21.0,10.048185172342565,5.0,37.0,0.11310680910989797,0.21192985644704843,983867
MGCT_001,0.0,0.0,0.9433599676342672,28.397896227369273,28.0,5.042077186313086,20.0,37.0,0.047455566756780296,0.11522168512663367,9887
MGCT_040,0.00047767265555178896,0.002727356775247311,0.8601343646953681,40.09835434065765,39.0,19.13935829561382,11.0,73.0,0.23813841111487516,0.48189075352577904,64898
MGCT_065,0.0,0.0,0.9794846356219716,40.79763444384406,41.0,9.832572391647835,24.0,56.0,-0.08998918883958286,-0.05005868344535447,451564
MGCT_008,0.0,0.0,0.7895422404168218,28.151283959806477,29.0,9.715472163322033,12.0,43.0,-0.39238079080500116,0.42291254285464275,5374
MGCT_078,0.0,2.3474729453743044e-05,0.9590600718326722,35.35134627573417,35.0,9.617588175179714,22.0,51.099999999998545,0.38983611478997376,2.8016365502194365,42599
MGCT_120,2.2704997748421057e-06,7.568332582807019e-07,0.9859645272251844,44.16488369364903,45.0,9.769587448723689,26.0,59.0,-0.37215870201199514,0.2839340689795846,1321295
MGCT_092,0.0,5.351564329147964e-05,0.8817549563290052,30.696766986199652,31.0,8.761412624152685,16.0,45.0,0.2077416601063622,1.1469394584642885,448467
MGCT_002,0.0,0.0,0.996393903655992,41.15429102785086,41.0,6.0446311679147575,32.0,50.0,0.48997185676360977,4.860345011744781,88184
MGCT_027,0.0,0.0,0.7677739832350202,28.546724619683328,29.0,10.004690268351313,13.0,45.0,0.17105845931873193,0.14305716134431146,3221
MGCT_046,8.037789978730771e-05,6.182915368254439e-06,0.8372780333382797,30.1564153929861,30.0,10.229449859553569,14.0,46.0,-0.16497554697851396,0.9924508398635767,161736
MGCT_085,0.0004075311761349743,0.0,0.8296519683755808,29.882141983861764,30.0,11.755654703167105,12.0,48.0,-0.447990561211356,2.536179155518517,12269
MGCT_121,4.422430567840085e-05,0.0,0.9804307447373076,38.7925880063683,39.0,8.318283816155304,26.0,51.0,-0.8282839756966476,3.734845649965677,45224
MGCT_038,0.0004718008274660666,0.0,0.7509617478406039,27.176090585758875,27.0,11.046966992342671,11.0,45.0,-0.0755772212201382,2.565900954115132,27554
MGCT_087,0.00815024805102764,0.0,0.5946137491141035,22.259390503189227,24.0,16.529810346865876,-6.0,48.0,-0.5969081562168569,1.1335682577263126,2822
MGCT_044,0.0003473880759042946,0.0,0.9451126840071215,31.02970168048982,31.0,7.760997595625038,20.0,43.0,-0.7882903246418385,7.122794216118811,23029
MGCT_108,6.720946309240341e-05,0.00020162838927721024,0.8980624471925647,33.09530301866503,34.0,10.075466079930392,16.0,48.0,-0.2823452655041245,2.228776544442028,104152
MGCT_077,0.004914999421764774,0.0535253074283952,0.7467329709725916,41.84570756717166,34.0,51.37944701002904,0.0,105.0,5.044295534255648,38.231067339903944,51882
MGCT_070,0.02167042889390519,0.0,0.7489841986455982,24.739503386004515,28.0,17.2094610633795,2.0,41.0,-3.4654353388221035,16.051299557719332,2215
MGCT_047,0.0,0.0,0.9753703700309566,35.926037796713,36.0,7.950940997821809,23.0,49.0,-0.06702808318133555,-0.3937434206912722,545603
MGCT_018,0.0,0.0,0.9574128293851477,33.274190400141954,33.0,7.565124592791774,21.0,46.0,0.06997872205860722,0.34931854539841645,56355
MGCT_011,0.0,0.0,0.9693675889328063,41.078227931488804,41.0,11.088743330783533,23.0,59.0,0.03070893296608816,0.008466992878568558,18216
MGCT_043,0.0,0.0,0.881857357284656,34.70430445940057,35.0,12.568016061092735,13.0,54.0,-0.17388052868970258,1.0475394278998085,20653
MGCT_113,0.0003320774392174145,0.0012434800060415335,0.9247880807993032,36.841752168848444,36.0,13.148157372431859,18.0,57.0,2.2804135221364255,46.467588335038826,966642
MGCT_066,0.0,0.0,0.9978205491084065,50.15581658647042,50.0,8.808072792945534,36.0,65.0,-0.04723053046838439,0.6463067836397154,35330
MGCT_035,0.0,0.0,0.8203434610303831,28.222180285588475,29.0,9.633463917568685,9.0,42.0,-0.619302251805688,0.82067458078973,15897
MGCT_005,5.940672484125203e-05,0.0004653526779231409,0.510983643348427,20.436774742900898,21.0,13.055752952753611,-1.0,40.0,1.1490153111370183,21.976016481925598,302996
MGCT_031,0.0,0.0,0.8203707182666417,28.75488446364832,29.0,9.091342152282376,13.0,43.0,-0.2889701863909413,0.5041490858341819,63876
MGCT_014,0.07361743228015746,0.0005853687091156542,0.8308064917389841,26.782147717793745,35.0,32.024802576568824,-57.0,54.0,-2.506645623947959,6.410005298196545,136666
MGCT_063,0.0,0.0,0.843700050235192,32.4416586747043,33.0,11.001381835505246,15.0,50.0,-0.04746081881077305,-0.5101187558165861,43794
MGCT_119,0.0,0.0,0.9592961690410424,32.73323901473339,33.0,7.121122741430239,21.0,44.0,0.10248116854744652,0.33196521672265566,578889
MGCT_042,0.0,0.0,0.9059813426010609,33.29010426193525,33.0,10.0299523500849,18.0,51.0,0.18514387287540357,0.34293170760338443,5467
MGCT_067,1.568356832546541e-05,0.0,0.7045058891799062,28.645614090117785,28.0,12.691828705706186,10.0,50.0,0.13552469876434622,-0.06661887122332333,63761
MGCT_045,0.0024044241404183697,0.0,0.6925943736475114,24.65304159653763,25.0,11.835292044526264,8.0,44.0,-0.240634298907507,4.272118550493406,8318
MGCT_039,0.0003673603032585924,2.1296249464266224e-05,0.8212179857474851,33.37158494674607,33.0,14.35538108753468,11.0,58.0,0.1140911736090546,0.5836868024728106,375653
MGCT_057,6.330115524608324e-05,0.0,0.7604842538376325,28.402864377274884,28.0,11.485577407901866,10.0,47.0,0.010639220349560065,0.42290100567526423,63190
MGCT_072,7.728355335726782e-05,0.00043559820983187316,0.949969437867536,37.363815840318125,38.0,10.02267441380844,20.0,51.0,0.6020624408382252,24.572519516520778,142333
MGCT_090,0.00038449707782220856,0.0006151953245155337,0.6064287911411873,23.3272070132267,23.0,11.941641180154871,4.0,43.0,0.6937980939151764,4.420092114234641,13004
MGCT_053,0.0,5.255413075467732e-05,0.9878249597084997,37.36523369070142,37.0,7.344241640259636,26.0,49.0,0.4097844190289166,3.4806730285942624,57084
MGCT_106,0.0,0.0,0.8417005623166799,27.44270689850751,27.0,7.279452862422975,16.0,39.0,-0.04871933989381612,0.5546127156997303,123418
MGCT_025,0.00014494329093742075,0.0,0.804942566220966,27.560495706055004,29.0,9.793587068161326,9.0,42.0,-0.7162120937712935,1.6815200590828043,27597
MGCT_080,0.002096627164995442,0.0,0.8428896991795807,33.92789425706472,36.0,13.89863999287466,11.0,53.0,-1.0030594133124435,2.6398556376637705,21940
MGCT_069,8.604288759930783e-05,0.0001816460960429832,0.9679060029254581,38.52810256312202,39.0,9.762304313901511,23.0,52.0,0.271521702527061,26.754851479336004,104599
MGCT_016,4.701789030726192e-06,0.040289630204292735,0.9603921292051626,50.401683240473,45.0,40.30507129817114,22.0,88.0,7.4514603962844035,81.52490112492171,212685
MGCT_052,0.0007696086458162764,0.0029856448883794555,0.8103433218710769,33.35596310245074,33.0,19.960943458232563,9.0,58.0,7.871559600776207,244.22956882721525,183210
MGCT_028,0.0,0.0,0.8746360430418664,28.528366036712182,29.0,7.300030605233974,17.0,40.0,-0.04352911689401219,1.0478563626430057,55295
MGCT_071,9.627140835443283e-06,0.00018291567587342235,0.9710126789444803,38.65494401817604,39.0,9.4422879690278,24.0,52.0,0.6199850716679807,29.12020472382286,103873
MGCT_009,0.0,0.0,0.8707730581406062,32.077751159433646,31.0,11.352416088796328,16.0,52.0,0.5937771295777033,1.4788542386526462,65118
MGCT_076,0.0,0.002175026283075509,0.9767605136825801,41.30911068205712,42.0,10.883708237273934,25.0,55.0,5.285314844933234,122.56664598562884,552637
MGCT_107,0.003373994290163509,0.0,0.7695302361796003,24.879314819621076,26.0,9.640297933618498,11.0,37.0,-2.1871661503009223,10.085351025636449,7706
MGCT_061,0.0,0.0,0.9955305936795475,38.37883162599375,38.0,7.42222405396783,28.0,51.0,0.7960337722944945,2.85470945618553,25283
MGCT_093,0.0,0.00010547410610695074,0.6800970361776184,27.97542453327708,28.0,14.729603335461027,4.0,52.0,0.37729216113494274,0.6722045805318828,9481
MGCT_102,5.293059035251773e-05,0.0006175235541127069,0.9469635484667772,34.070979921662726,34.0,9.106868949643001,20.0,48.0,0.802017550091989,8.717741313933987,56678
MGCT_019,0.0,0.0,0.8716356107660456,29.283926218708828,30.0,8.861771771321253,15.0,42.0,-1.1351336683104272,4.21628600497654,10626
MGCT_059,0.002333131853898627,0.0027337881012002418,0.8639098523443571,34.40385286244711,34.0,17.948865168096052,13.0,57.0,-0.49744186906026133,159.22784712603828,579050
MGCT_091,9.114212475078325e-05,0.0003873540301908288,0.8843235545428653,32.29290800341783,32.0,11.856629695349183,16.0,48.0,10.33615054131761,457.15905131600476,175550
MGCT_084,0.0008467004411262519,2.3389514948239004e-05,0.8928058529922206,33.09854938228291,34.0,10.893937715353022,16.0,49.0,-0.9401017754231831,4.9325251946713,213771
MGCT_095,0.0,0.0,0.894422493797666,34.156942019663695,34.0,12.694192003261852,16.0,56.0,0.12442449045951204,1.6245619638402156,10883
MGCT_017,4.701789030726192e-06,0.040289630204292735,0.9603921292051626,50.401683240473,45.0,40.30507129817114,22.0,88.0,7.4514603962844035,81.52490112492171,212685
MGCT_030,0.0001819505094614265,0.0,0.8715429403202329,32.9848981077147,33.0,11.517767953411292,13.0,50.0,-0.48530361177130626,1.3037347761750189,5496
MGCT_111,0.0,0.0,0.9765027322404372,39.88535519125683,40.0,9.373504908663902,25.0,55.0,0.09889198345613498,1.1030229078359497,9150
MGCT_098,0.0,0.0,0.6663755458515284,24.898762736535662,25.0,10.87555041009209,7.0,43.0,-0.07323184256005091,0.01832732309690721,13740
MGCT_013,2.527177690075352e-05,0.0,0.6000867664340259,23.118048681866238,23.0,9.871630767258532,7.0,40.0,0.14533821835778388,0.5247669459967561,237419
MGCT_055,0.00019509204163821575,0.0,0.8564122573542732,34.16582126781957,34.0,13.465973457436647,12.0,56.0,-0.14813262734094224,0.6628006931497974,143522
MGCT_012,0.0,0.0,0.9152032112393377,33.83906171600602,35.0,9.988380832421823,17.0,49.0,-0.6395606395321922,1.4722317547454926,7972
MGCT_037,0.006810074586531186,0.0,0.8723381256080424,34.234677332180304,37.0,15.507456042154192,5.5,53.0,-1.6524700167953306,5.131610657186792,9251
MGCT_062,0.0,0.0,0.9937806088268064,47.91746409340551,49.0,8.52736972422727,33.0,60.0,-0.6503690117853161,1.2673366528235297,558254
MGCT_023,1.806858836141995e-05,0.0,0.8428093041184336,30.317681920570486,30.0,9.983555974327865,14.0,46.0,-0.005492429029253055,0.4880046303631116,166034
MGCT_122,1.058702961827406e-06,3.5995900702131806e-05,0.7109920893714692,26.473767458011842,26.0,10.83722135526556,9.0,44.0,0.2982621456213958,0.9967686096017139,944552
MGCT_096,0.0,0.0,0.7268026755283374,25.621853175132458,25.0,8.132778916811596,13.0,39.0,0.10826255563474992,0.01426642196604977,352379
MGCT_082,0.0,0.0,0.9843055555555555,36.261805555555554,36.0,7.548689147864034,24.0,49.0,0.16825233673741857,0.18413031354108167,14400
MGCT_115,0.0005616399887672002,0.0,0.987550313582327,46.183094636338105,46.0,10.00006490146178,32.0,62.0,-1.158809899088773,8.06321606139159,10683
MGCT_103,0.0,0.0,0.8901562112571287,36.25068187453508,38.0,14.148302051341332,8.0,55.0,-1.062375468605748,2.128140901278572,4033
MGCT_049,0.00012255470245705618,0.005347691003159924,0.9523146277318105,44.470340105860764,44.0,16.10368009343973,21.0,67.0,1.9829711344287437,20.846686611997647,603812
MGCT_099,0.0,0.0,0.9203618510070747,31.169868944987822,31.0,7.676407205307425,19.0,44.0,-0.03675577982434946,0.42401323619569053,51734
MGCT_064,3.2768942906670776e-06,0.0,0.9763309925385117,42.495712183820665,43.0,9.695738613111136,25.0,57.0,-0.4777096995475114,0.6073739899737607,305167
MGCT_024,4.04516718098078e-05,0.00010979739491233545,0.7192653976399339,26.949822590525063,27.0,11.52927232011397,8.0,46.0,0.24295813137201813,2.331711228176978,173046
MGCT_073,0.0,0.0,0.8025022758572395,26.08482528419038,26.0,6.814011273136405,15.0,37.0,0.04248405950940529,0.5005991280146165,42841
MGCT_101,0.0,0.0,0.8633063443190025,30.172539628235832,30.0,9.491343351168911,16.0,47.0,0.558538564719664,1.4524588587479466,26307
MGCT_010,0.0,0.0,0.8745632270334822,33.00473262859923,33.0,10.769254627007214,15.0,50.0,-0.14329184011261584,-0.012749560549827788,22609
MGCT_112,0.0,0.0,0.9855816010614772,47.356833259619634,47.0,10.113161294539262,31.0,63.0,-0.4366732638602969,2.6306752714962442,11305
MGCT_021,0.0,0.0,0.8480214621059692,29.115224681421864,30.0,8.391893680436514,14.0,42.0,-0.360851272262591,0.24385464160682035,7455
MGCT_089,0.00015537600994406463,0.0,0.9337099351860073,32.983130604634646,33.0,8.200576142236947,19.0,45.0,-0.47296204337042,1.9954363357808518,90104
MGCT_036,0.0,0.0,0.847036328871893,31.47427051292709,31.0,12.301587783445985,12.0,54.0,0.14244135752150913,0.7545591991390834,12029
MGCT_029,2.0074677801421287e-05,0.0,0.9734211265909182,34.48454249809291,35.0,7.403451168631974,23.0,46.0,-0.5634085484932118,4.352417621791613,49814
MGCT_075,0.0010048231511254019,0.0,0.8583199356913184,35.90072347266881,37.0,16.079828472995608,8.0,61.0,-0.4612971709380285,1.6260216383003652,4976
MGCT_109,0.001993837230378829,0.0,0.8361428312488671,29.288653253579845,29.0,12.006899560923298,13.0,50.0,-0.2900998938296196,4.166935671037624,11034
MGCT_114,0.0,0.0,0.9946822386771818,43.309112435534686,43.0,7.804085286333224,32.0,56.0,0.16360633070464292,2.8596486325360457,49833
MGCT_118,0.0,0.0,0.9832844374701508,41.52432284915058,40.0,11.727226522584374,25.0,64.0,0.7108444197021455,1.3776019787455827,14657
MGCT_058,0.0,0.0,0.9614364010614289,36.1133472211889,36.0,8.751276397846913,22.0,50.0,-0.12323019408154696,0.5658487889934163,80646
MGCT_068,0.0,0.0,0.7756280371827361,26.263964691075127,26.0,7.629715763804532,14.0,39.0,0.15341186994673664,0.3341444010776873,177179
MGCT_007,0.0,0.0,0.9219145776923748,31.87605904445803,32.0,8.316502729036547,19.0,46.0,0.18685293849499054,0.27851441811458466,11449
MGCT_105,0.0,0.0,0.9239568066575697,34.447162278263505,34.0,10.617499566991562,18.0,53.0,0.3195270490868287,1.276088707865842,59361
